IBP_EMP_ASCII   SW_OPER_IBP_CLI_2__00000000T000000_99999999T999999_0101.cdf
PARAMS 5
-3.1139558478800001D+02  5.0873115439293404D+00  1.7340261928171099D+00 -1.7128020191690101D+00  1.0154686788349201D+00
GCOEF 5
-2.2346348384564600D+01 -1.1177109609439800D+01  7.0048493684080896D+01  7.0684528978846801D+00 -1.6454246628440799D+02
SHCOEF 12 5
MON 1 -1.5346848161699100D+00 -1.1326512636850899D-01 -5.5604863577159802D-01  1.8698836428894000D-01  3.1103200079611099D-01
MON 2 -1.7571942935916001D+00  1.5871516723572901D-01 -1.7906322127873800D-01 -1.2758570294013900D-02 -9.8729738305285100D-02
MON 3 -2.2751291849977502D+00 -5.8828418131427300D-02  5.7205772693682898D-02 -1.2191427341073199D-01  2.4639127172070899D-02
MON 4 -2.1380101357140000D+00  2.4028216588122800D-01  2.6219485798843800D-01 -5.7740075993209301D-02  2.0674721652007300D-01
MON 5 -1.3722057371917999D+00  2.7946582850480201D-01 -1.6462316999947000D-03  1.8217242121248400D-01  1.2958025603799700D-01
MON 6 -1.9403910888164300D+00  5.0504146275628503D-01 -1.1738852290675100D-02  3.1283425888160099D-01  2.5835040796258701D-01
MON 7 -1.5704781985540399D+00  4.6906077559844700D-01  1.4815537196769400D-02  3.6470899884279301D-01 -1.2986304979996799D-01
MON 8 -1.6303144412536701D+00  3.1795124936978297D-01  3.2884276593632700D-01  2.0134741303864501D-01 -7.8226075086234706D-02
MON 9 -1.8588564500213500D+00  8.1217580234318507D-02  2.5362218185256402D-01 -2.1967219680915001D-02  1.5538749017417501D-02
MON 10 -2.2649070768451098D+00 -3.0597144916739101D-02 -3.4492690394034797D-01 -9.7175960477173806D-02  1.6691773486355199D-01
MON 11 -2.1995392108332199D+00 -2.5060366602412598D-01 -3.9116443966138997D-01 -2.8152893653906799D-02 -3.6801587055370101D-02
MON 12 -9.9032246794564505D-01 -1.5626286819305901D-01 -1.1150051141156900D+00  6.9253120861820297D-02  2.9772023897485600D-01
DENS 360 12
ROW 1  5.1582357261249995D-04  3.9631314227389999D-04  1.4847019546114001D-03  2.8326999082699000D-03  4.4437712696481996D-03  5.4183408002717003D-03  5.6831687934212000D-03  3.6345700098181001D-03  2.2516457309755002D-03  1.4080477374782000D-03  7.0659288681279998D-04  4.3534698778869999D-04
ROW 2  5.1715729841200005D-04  4.0537686662480001D-04  1.4864683224673999D-03  2.8221417590670000D-03  4.4025930027617004D-03  5.4601493314320997D-03  5.7575654481468999D-03  3.6655099207659001D-03  2.2695458121123001D-03  1.4329967464527000D-03  6.9568700252159996D-04  4.2567664755109998D-04
ROW 3  5.1846106052369999D-04  4.1591624578690001D-04  1.4879139233384001D-03  2.8100106943731999D-03  4.3565719583322999D-03  5.5014298425040999D-03  5.8234026590299002D-03  3.6949971262208998D-03  2.2876159089360000D-03  1.4580140398021001D-03  6.8449617026570002D-04  4.1647025288850002D-04
ROW 4  5.1962747290030002D-04  4.2780675109330000D-04  1.4890792322163999D-03  2.7963433703402998D-03  4.3058114022436001D-03  5.5422650948830999D-03  5.8804220714993999D-03  3.7227440618885000D-03  2.3057599637890001D-03  1.4829905539570001D-03  6.7324070612640005D-04  4.0751348126450001D-04
ROW 5  5.2055813890630005D-04  4.4090694267760001D-04  1.4900100252185999D-03  2.7811081071958000D-03  4.2507765150570000D-03  5.5826906503674998D-03  5.9284864289301997D-03  3.7486469653452998D-03  2.3238769515206998D-03  1.5078202682323001D-03  6.6216967751750000D-04  3.9858434301069998D-04
ROW 6  5.2117144486939996D-04  4.5506089262679997D-04  1.4907562555167000D-03  2.7644236958627002D-03  4.1921886058105002D-03  5.6227044227123999D-03  5.9675790824961997D-03  3.7725819716776000D-03  2.3418618741335999D-03  1.5323991960265000D-03  6.5150540643780001D-04  3.8943914111579998D-04
ROW 7  5.2138151679150002D-04  4.7010086196470002D-04  1.4913708973269000D-03  2.7463342680083000D-03  4.1305316204734996D-03  5.6622664555559003D-03  5.9977997806093001D-03  3.7944030902620999D-03  2.3596069212077002D-03  1.5566092093661000D-03  6.4143587664370000D-04  3.7991342259479998D-04
ROW 8  5.2117453077749998D-04  4.8585016253939998D-04  1.4919087873507000D-03  2.7268862609388998D-03  4.0663091285972003D-03  5.7012986707048003D-03  6.0186364533879998D-03  3.8139751627041000D-03  2.3770027728719999D-03  1.5803214808542000D-03  6.3213527550599999D-04  3.6988301500510002D-04
ROW 9  5.2059158714170000D-04  5.0212613546179996D-04  1.4924254920103000D-03  2.7061288093899998D-03  4.0000316711271003D-03  5.7396845504608003D-03  6.0309992211225001D-03  3.8311755098768001D-03  2.3939400166297000D-03  1.6034529877327001D-03  6.2375601554090000D-04  3.5927272449470002D-04
ROW 10  5.1969812145790002D-04  5.1874722993839998D-04  1.4929762271489999D-03  2.6841142510754001D-03  3.9321825055206004D-03  5.7772403421918004D-03  6.0354880721300002D-03  3.8458956571368001D-03  2.4103106449810999D-03  1.6258953714028000D-03  6.1642592354299998D-04  3.4806043307630000D-04
ROW 11  5.1860320011639998D-04  5.3551322140789998D-04  1.4936148546197000D-03  2.6608987202629999D-03  3.8632260215669002D-03  5.8137062922761999D-03  6.0325736913258996D-03  3.8580430970444998D-03  2.4260095976416998D-03  1.6475366992671000D-03  6.1024611881910001D-04  3.3623177853310001D-04
ROW 12  5.1745855839320000D-04  5.5222412652920002D-04  1.4943929774432999D-03  2.6365427999285001D-03  3.7937536126906000D-03  5.8488943905084002D-03  6.0227710808904000D-03  3.8675430302788998D-03  2.4409363103140998D-03  1.6682610202904001D-03  6.0539079219160000D-04  3.2392452485150000D-04
ROW 13  5.1646232958949998D-04  5.6870531303569998D-04  1.4953591520611000D-03  2.6111122005431000D-03  3.7241726317167002D-03  5.8825226928516001D-03  6.0066209811307000D-03  3.8743400107189001D-03  2.4549962314698000D-03  1.6879482830317999D-03  6.0184423704010004D-04  3.1130288675829999D-04
ROW 14  5.1590150911379998D-04  5.8479144567500003D-04  1.4965582327188000D-03  2.5846784323258001D-03  3.6548448914090000D-03  5.9142713935172002D-03  5.9846713545233998D-03  3.8781848109512001D-03  2.4681022693907001D-03  1.7064746582134999D-03  5.9957601310650004D-04  2.9854567674700001D-04
ROW 15  5.1601347823130000D-04  6.0032896283220005D-04  1.4980308592931000D-03  2.5573194377957998D-03  3.5860838179500999D-03  5.9437846843548997D-03  5.9571647136671003D-03  3.8792634606636999D-03  2.4801761337537001D-03  1.7237132923924000D-03  5.9856538901579995D-04  2.8585828018679998D-04
ROW 16  5.1706595056710001D-04  6.1517836006060001D-04  1.4998130960038000D-03  2.5291201526455001D-03  3.5181541740222999D-03  5.9706736588851003D-03  5.9247604455615003D-03  3.8776087200927999D-03  2.4911495391692000D-03  1.7394406963504999D-03  5.9876482362539998D-04  2.7347842928409998D-04
ROW 17  5.1932760880769998D-04  6.2921627219220003D-04  1.5019362245254999D-03  2.5001729651969000D-03  3.4514001014391998D-03  5.9945204201512997D-03  5.8881531519635998D-03  3.8732591809824001D-03  2.5009652421668000D-03  1.7535547544315000D-03  6.0010176520390005D-04  2.6170498345550001D-04
ROW 18  5.2305632151610003D-04  6.4233735149329995D-04  1.5044266911273000D-03  2.4705780478696000D-03  3.3859203867430999D-03  6.0148834979716998D-03  5.8477421754043000D-03  3.8662765069853999D-03  2.5095778879646001D-03  1.7659756539369000D-03  6.0248089755710001D-04  2.5072092991210003D-04
ROW 19  5.2848751212630004D-04  6.5445594342359995D-04  1.5073062036955001D-03  2.4404435380116999D-03  3.3218260571419001D-03  6.0309870837865001D-03  5.8038630783556998D-03  3.8567447010338998D-03  2.5168949419980000D-03  1.7765823729248001D-03  6.0584534113649995D-04  2.4072619586380000D-04
ROW 20  5.3599642500440001D-04  6.6542742660980001D-04  1.5105919709226001D-03  2.4098855499459998D-03  3.2592194315919998D-03  6.0425089356443999D-03  5.7567831856655998D-03  3.8447688530240001D-03  2.5229526776031999D-03  1.7852617701154001D-03  6.1000816746630004D-04  2.3189440450970000D-04
ROW 21  5.4566049679430004D-04  6.7527081295929998D-04  1.5143043312484999D-03  2.3790280049820998D-03  3.1981825250672002D-03  6.0490768736745004D-03  5.7067004764848996D-03  3.8304733938130000D-03  2.5277490100007001D-03  1.7919116343133000D-03  6.1478680606910001D-04  2.2436621723750000D-04
ROW 22  5.5750584724760001D-04  6.8398892664279999D-04  1.5184580976385000D-03  2.3480017959649001D-03  3.1387842984455000D-03  6.0502408130729997D-03  5.6536382442825004D-03  3.8139999071858002D-03  2.5312920206671998D-03  1.7964438755550000D-03  6.2002243540249999D-04  2.1838831948850000D-04
ROW 23  5.7156890764260002D-04  6.9159334672049997D-04  1.5230473367949999D-03  2.3169543802886001D-03  3.0812005268301000D-03  6.0455757097014999D-03  5.5975785235750000D-03  3.7954927565622002D-03  2.5336025333208001D-03  1.7987877669383000D-03  6.2555046953070002D-04  2.1393501508080000D-04
ROW 24  5.8782775519980002D-04  6.9812092660360005D-04  1.5280758531863001D-03  2.2860360184119000D-03  3.0254912302055000D-03  6.0346928250065001D-03  5.5387243139840003D-03  3.7750029340255001D-03  2.5347135959660999D-03  1.7988931400560999D-03  6.3120416719530004D-04  2.1096302064789999D-04
ROW 25  6.0620310394070005D-04  7.0363421844310005D-04  1.5335459227749000D-03  2.2553968975333001D-03  2.9716304230581001D-03  6.0172507888387999D-03  5.4770393143405999D-03  3.7528643521390999D-03  2.5346697678019000D-03  1.7965296202728999D-03  6.3681820481900002D-04  2.0944022147899999D-04
ROW 26  6.2661661033340001D-04  7.0822166899370004D-04  1.5394590667680999D-03  2.2251911003118999D-03  2.9196985081070001D-03  5.9929660365413999D-03  5.4124604412137001D-03  3.7292600123668002D-03  2.5335262302044002D-03  1.7918976588772999D-03  6.4220761025240004D-04  2.0929914757290000D-04
ROW 27  6.4895964707820000D-04  7.1199756510920002D-04  1.5458168373791001D-03  2.1955753175054000D-03  2.8697885615171000D-03  5.9614734218262997D-03  5.3449113923631003D-03  3.7043748550713001D-03  2.5313477440322999D-03  1.7850413102610001D-03  6.4720700812899998D-04  2.1048027461680001D-04
ROW 28  6.7283043310730005D-04  7.1510170314299998D-04  1.5526215928747999D-03  2.1667074277747999D-03  2.8220075453775999D-03  5.9222395236744997D-03  5.2743164337738999D-03  3.6783929851312998D-03  2.5282074777958001D-03  1.7760278998161000D-03  6.5168853277200000D-04  2.1292482459360000D-04
ROW 29  6.9797201789630005D-04  7.1768963191749997D-04  1.5598772395064001D-03  2.1387449673348998D-03  2.7765369726447000D-03  5.8757511006201999D-03  5.2005681698976004D-03  3.6514951621482998D-03  2.5241857327963002D-03  1.7649573657028000D-03  6.5552996995639999D-04  2.1637156790340001D-04
ROW 30  7.2411136956589996D-04  7.1996410273280004D-04  1.5675899186943999D-03  2.1118435143835002D-03  2.7336950561837000D-03  5.8220546260210997D-03  5.1233813026836002D-03  3.6238566124903999D-03  2.5193685922058002D-03  1.7519629356177000D-03  6.5862646724230002D-04  2.2068734031490000D-04
ROW 31  7.5097039144659996D-04  7.2216881104810002D-04  1.5757686190507999D-03  2.0861550149180001D-03  2.6934111396440001D-03  5.7612837282817004D-03  5.0430615361945997D-03  3.5956451955041998D-03  2.5138465212677001D-03  1.7372111352706001D-03  6.6089259525870003D-04  2.2574915588130000D-04
ROW 32  7.7827665671510000D-04  7.2453990523149996D-04  1.5844256944284999D-03  2.0618260776343999D-03  2.6558340858214000D-03  5.6936579084413998D-03  4.9596687466616001D-03  3.5670199301033002D-03  2.5077129454176999D-03  1.7209010940434999D-03  6.6226405752839999D-04  2.3145356184109999D-04
ROW 33  8.0576887233989997D-04  7.2733157474879999D-04  1.5935772711766999D-03  2.0389962661282999D-03  2.6211109232644001D-03  5.6194789472857999D-03  4.8733148495078002D-03  3.5381275902160998D-03  2.5010628322249002D-03  1.7032365937760001D-03  6.6263893912700002D-04  2.3777755491880001D-04
ROW 34  8.3317953399179997D-04  7.3081338529900003D-04  1.6032435301053000D-03  2.0177964165819999D-03  2.5893799102625998D-03  5.5391251366815001D-03  4.7841658489314997D-03  3.5091130313988999D-03  2.4939913017065002D-03  1.6844628760473001D-03  6.6201462175259997D-04  2.4464448560959997D-04
ROW 35  8.6031438159029998D-04  7.3526720313600005D-04  1.6134488512848000D-03  1.9983470085667000D-03  2.5607626353833998D-03  5.4530435561574997D-03  4.6924410577379996D-03  3.4801164923208999D-03  2.4865922878544999D-03  1.6649594011293001D-03  6.6044836885060002D-04  2.5204678395440001D-04
ROW 36  8.8702032755020005D-04  7.4098372382740000D-04  1.6242218127048001D-03  1.9807566155322998D-03  2.5357053711314000D-03  5.3614416910482002D-03  4.5984096086809003D-03  3.4512503494805000D-03  2.4789572721972998D-03  1.6450389461590000D-03  6.5797711677180004D-04  2.6003652562920000D-04
ROW 37  9.1318406406359996D-04  7.4825863328780004D-04  1.6355950369234000D-03  1.9651204600353001D-03  2.5139674166188000D-03  5.2651177499568004D-03  4.5022219688678998D-03  3.4226147257972999D-03  2.4711711984028001D-03  1.6250316905781000D-03  6.5466216563590004D-04  2.6870549515789998D-04
ROW 38  9.3873204771289999D-04  7.5738844192840002D-04  1.6476048831379000D-03  1.9515190968103001D-03  2.4955102928045001D-03  5.1648280966671003D-03  4.4044442996402002D-03  3.3942971433234999D-03  2.4633268235087001D-03  1.6052805362865000D-03  6.5058876026900000D-04  2.7821527672350002D-04
ROW 39  9.6360035414859999D-04  7.6884621782389998D-04  1.6602909855362000D-03  1.9400172444576000D-03  2.4802843209189001D-03  5.0611925897827001D-03  4.3054744543822004D-03  3.3663720990903001D-03  2.4555014759864999D-03  1.5861360695483000D-03  6.4586537286100002D-04  2.8881220655690000D-04
ROW 40  9.8776925907450002D-04  7.8280845339209998D-04  1.6736956423017001D-03  1.9307417544353000D-03  2.4681794382796999D-03  4.9548403215289999D-03  4.2057036946119997D-03  3.3389005185946001D-03  2.4477652072138999D-03  1.5679512803439999D-03  6.4060205138559998D-04  3.0059691669669997D-04
ROW 41  1.0113201665819999D-03  7.9951440385550002D-04  1.6878773433041999D-03  1.9236767109643001D-03  2.4590205403642999D-03  4.8463979027746004D-03  4.1055240708005002D-03  3.3119290636415000D-03  2.4401808387437001D-03  1.5510761630305001D-03  6.3497780166650000D-04  3.1376097049549999D-04
ROW 42  1.0343030810819000D-03  8.1921256808010004D-04  1.7028923099977999D-03  1.9188000115282001D-03  2.4527276569216000D-03  4.7364784966190000D-03  4.0053176248993003D-03  3.2854892965788998D-03  2.4328034599061001D-03  1.5359598397997000D-03  6.2919486046459998D-04  3.2849451820750000D-04
ROW 43  1.0567781034922000D-03  8.4212756046139997D-04  1.7187643810037999D-03  1.9161022623896001D-03  2.4488887830924001D-03  4.6256718762783004D-03  3.9054464498556999D-03  3.2596141789160002D-03  2.4256800730051002D-03  1.5229431113556000D-03  6.2344556727110003D-04  3.4497663287320001D-04
ROW 44  1.0788072028455999D-03  8.6845558823510003D-04  1.7355374686972001D-03  1.9155551522641000D-03  2.4469753999082000D-03  4.5145386888581001D-03  3.8063173073550000D-03  3.2343111077484999D-03  2.4188493854282000D-03  1.5122630235918000D-03  6.1793660998879995D-04  3.6357653666910001D-04
ROW 45  1.1004463219976000D-03  8.9836022650789996D-04  1.7532530558601999D-03  1.9171114908218001D-03  2.4465426362000001D-03  4.4036591290530997D-03  3.7082299304133002D-03  3.2095276402922001D-03  2.4123417453704998D-03  1.5041990503669000D-03  6.1288641729259998D-04  3.8429931265899998D-04
ROW 46  1.1217033882118001D-03  9.3196859587799997D-04  1.7719489687453001D-03  1.9207054544344000D-03  2.4471013438114001D-03  4.2935142327156003D-03  3.6114064288056001D-03  3.1852209666630000D-03  2.4061792153536000D-03  1.4990022283950001D-03  6.0852228265149998D-04  4.0717302755499999D-04
ROW 47  1.1426342354904999D-03  9.6936804444229996D-04  1.7916581306813000D-03  1.9262530338371000D-03  2.4481308320410998D-03  4.1845147908313998D-03  3.5160487546676000D-03  3.1613285837153002D-03  2.4003757753476001D-03  1.4968917721713000D-03  6.0513753807059996D-04  4.3224751122269999D-04
ROW 48  1.1632363269971000D-03  1.0107235814411000D-03  1.8124073246212000D-03  1.9336526755432001D-03  2.4490744237093999D-03  4.0770186062283999D-03  3.4223148050932998D-03  3.1377680966796001D-03  2.3949376451080999D-03  1.4980523164167001D-03  6.0301028235299999D-04  4.5953409274839999D-04
ROW 49  1.1834787894218000D-03  1.0561239123590999D-03  1.8342159941688000D-03  1.9427861063303999D-03  2.4492853336848999D-03  3.9713293654816996D-03  3.3303201022948001D-03  3.1144374903308999D-03  2.3898637133832998D-03  1.5026318127578000D-03  6.0231774785339998D-04  4.8908531055910003D-04
ROW 50  1.2033070861765000D-03  1.1052993495880999D-03  1.8570951131205000D-03  1.9535193279662999D-03  2.4482667011158001D-03  3.8676966875917001D-03  3.2401410763520000D-03  3.0912159566130002D-03  2.3851460599625001D-03  1.5107400828075000D-03  6.0328770689979997D-04  5.2094967698809995D-04
ROW 51  1.2226465377397000D-03  1.1581480329856000D-03  1.8810461533627001D-03  1.9657037675759998D-03  2.4455463937901002D-03  3.7663171888316000D-03  3.1519153050727001D-03  3.0679653427483000D-03  2.3807705551844999D-03  1.5227486075136999D-03  6.0613887776880002D-04  5.5481472289340002D-04
ROW 52  1.2413706667795000D-03  1.2145226755110000D-03  1.9060601800316001D-03  1.9791775677153998D-03  2.4407084726289002D-03  3.6673363912332001D-03  3.0656654426662001D-03  3.0445322547983000D-03  2.3767175205403998D-03  1.5384263411906999D-03  6.1107766681039999D-04  5.9055156872199997D-04
ROW 53  1.2593639136874999D-03  1.2742321730772001D-03  1.9321171011497001D-03  1.9937669992795000D-03  2.4334078570540998D-03  3.5709959008012999D-03  2.9812695473349000D-03  3.0207270982918000D-03  2.3729624334378001D-03  1.5577183639491001D-03  6.1829517631259998D-04  6.2801008194220001D-04
ROW 54  1.2765744636792000D-03  1.3370441070885001D-03  1.9591850964965000D-03  2.0092879798419001D-03  2.4233827893612001D-03  3.4773010616387999D-03  2.8986970680907002D-03  2.9963561522580000D-03  2.3694766590608000D-03  1.5805707562587001D-03  6.2808488449549995D-04  6.6702365284570001D-04
ROW 55  1.2929303747071001D-03  1.4026881134901999D-03  1.9872202472801001D-03  2.0255476798465002D-03  2.4101348892298000D-03  3.3861565721296002D-03  2.8179075365913999D-03  2.9712535631244998D-03  2.3662367998665999D-03  1.6068930502296001D-03  6.4066638701620003D-04  7.0753857992429995D-04
ROW 56  1.3083883565915000D-03  1.4708600694367999D-03  2.0161663842955999D-03  2.0423461992074001D-03  2.3939052743827001D-03  3.2975255066604002D-03  2.7388552583034998D-03  2.9452393836159000D-03  2.3631978808636000D-03  1.6365596964251999D-03  6.5600516407110000D-04  7.4923744158699997D-04
ROW 57  1.3229447677292000D-03  1.5412270262811999D-03  2.0459551677688001D-03  2.0594786547874001D-03  2.3747827283882002D-03  3.2113374910164999D-03  2.6614930484367000D-03  2.9181388744466000D-03  2.3603214431168001D-03  1.6694116951268001D-03  6.7420361093369996D-04  7.9189214039220002D-04
ROW 58  1.3366441702112001D-03  1.6135434535950999D-03  2.0765064070885999D-03  2.0767305589841000D-03  2.3529300846555001D-03  3.1274925113481998D-03  2.5858183752599001D-03  2.8897873278093998D-03  2.3575696370893998D-03  1.7052583229101000D-03  6.9534121776059995D-04  8.3531382871249995D-04
ROW 59  1.3495252511483999D-03  1.6872844616302000D-03  2.1077286232609000D-03  2.0938762325040999D-03  2.3286038240371999D-03  3.0458647070468001D-03  2.5118693685753000D-03  2.8600347961954000D-03  2.3549041183688001D-03  1.7439240957752000D-03  7.1947520392000005D-04  8.7931795493869996D-04
ROW 60  1.3618743728303000D-03  1.7620448463519999D-03  2.1395198513217001D-03  2.1107053355461998D-03  2.3021439276122999D-03  2.9663061345814000D-03  2.4394738448556001D-03  2.8287505423094999D-03  2.3522866212498002D-03  1.7852760609411999D-03  7.4664184164759996D-04  9.2373630505209999D-04
ROW 61  1.3739487031290999D-03  1.8374380115931000D-03  2.1717748274005001D-03  2.1270096329481999D-03  2.2738699417445001D-03  2.8886599154741002D-03  2.3685950867090998D-03  2.7958270315912000D-03  2.3496794727322998D-03  1.8288263064481999D-03  7.7698169030280000D-04  9.6839122940640000D-04
ROW 62  1.3860737652685001D-03  1.9130824364873001D-03  2.2043691306220998D-03  2.1425847499402999D-03  2.2443611447820000D-03  2.8128706810548998D-03  2.2991977071940002D-03  2.7611833039818999D-03  2.3470460444237002D-03  1.8742696810455000D-03  8.1058439016849998D-04  1.0131005542888000D-03
ROW 63  1.3986397445522000D-03  1.9886085018755999D-03  2.2371635225692998D-03  2.1572318894676999D-03  2.2141959916193001D-03  2.7385773614955001D-03  2.2312461412996999D-03  2.7246643609805002D-03  2.3443511426108998D-03  1.9212789182959000D-03  8.4722074279089995D-04  1.0577357483629000D-03
ROW 64  1.4120945865812001D-03  2.0636650688392998D-03  2.2700261138646999D-03  2.1707594984476000D-03  2.1838774166128001D-03  2.6655805817289002D-03  2.1647031322977999D-03  2.6863059761557001D-03  2.3415613394570001D-03  1.9695067036953999D-03  8.8686671774269995D-04  1.1021913927814000D-03
ROW 65  1.4270647374796999D-03  2.1379256623250001D-03  2.3028219621759999D-03  2.1829848706519999D-03  2.1538886689529998D-03  2.5936791479694000D-03  2.0995328300299999D-03  2.6461735617639998D-03  2.3386452507736999D-03  2.0185879764434999D-03  9.2949324216349996D-04  1.1463898589620001D-03
ROW 66  1.4441411999929000D-03  2.2110941245641002D-03  2.3354149720917002D-03  2.1937356741745001D-03  2.1246704077893001D-03  2.5226741573305999D-03  2.0358210482368001D-03  2.6043161215737998D-03  2.3355737680272001D-03  2.0681425535025002D-03  9.7506988807910002D-04  1.1902533212178000D-03
ROW 67  1.4638024515537000D-03  2.2828572133536001D-03  2.3676698674248002D-03  2.2028513916937998D-03  2.0966487343009000D-03  2.4523732230165999D-03  1.9733763044801002D-03  2.5608125232680001D-03  2.3323202540682002D-03  2.1177781623883999D-03  1.0235683888970000D-03  1.2338093283493000D-03
ROW 68  1.4865995552266001D-03  2.3529410605670998D-03  2.3994542000791998D-03  2.2101846620361000D-03  2.0702179770267998D-03  2.3825947870595001D-03  1.9121477204958001D-03  2.5157692156766000D-03  2.3288607134537998D-03  2.1670592135522998D-03  1.0750660782334000D-03  1.2771202485757000D-03
ROW 69  1.5130643259266001D-03  2.4212522479114002D-03  2.4306403592837000D-03  2.2156025119371000D-03  2.0454346252167998D-03  2.3131724682770999D-03  1.8520838496106000D-03  2.4693171812832002D-03  2.3251739491028001D-03  2.2155284155569999D-03  1.1296654911586001D-03  1.3202935040208001D-03
ROW 70  1.5436923231396001D-03  2.4876685876070001D-03  2.4611075456456000D-03  2.2189874674652002D-03  2.0223455160300000D-03  2.2439633486663001D-03  1.7931353030280000D-03  2.4216082621500998D-03  2.3212417173447998D-03  2.2627990397474998D-03  1.1871455573736001D-03  1.3634952759952999D-03
ROW 71  1.5789986291762999D-03  2.5521152531703000D-03  2.4907436760352999D-03  2.2202385353422998D-03  2.0008790569386002D-03  2.1748314528123999D-03  1.7352579390596001D-03  2.3728110217252998D-03  2.3170488931830999D-03  2.3084740575209000D-03  1.2475158806160001D-03  1.4069801372553999D-03
ROW 72  1.6198455786651000D-03  2.6145652047755001D-03  2.5194471877011998D-03  2.2192720454392001D-03  1.9808468083241000D-03  2.1056797075900999D-03  1.6784163874299001D-03  2.3231063209944000D-03  2.3125836567818000D-03  2.3521694599408999D-03  1.3107976207926001D-03  1.4511323901051001D-03
ROW 73  1.6660198748379000D-03  2.6750387281262999D-03  2.5471287130901001D-03  2.2160223470397999D-03  1.9619511665054002D-03  2.0364517457444001D-03  1.6226759235213001D-03  2.2726459061397000D-03  2.3078262976285002D-03  2.3935206772735000D-03  1.3770227018898001D-03  1.4963143577337999D-03
ROW 74  1.7177084515541000D-03  2.7336021316054998D-03  2.5737126004762001D-03  2.2104423530692001D-03  1.9438304603697999D-03  1.9671259600786001D-03  1.5679637729182001D-03  2.2216785354502002D-03  2.3027808613754999D-03  2.4321893374634001D-03  1.4462321741048000D-03  1.5429863567591000D-03
ROW 75  1.7750068974279000D-03  2.7903656629830998D-03  2.5991382594851998D-03  2.2024546049910000D-03  1.9258750456833001D-03  1.8977175838633001D-03  1.5142758352043001D-03  2.1704042114884001D-03  2.2974502818446998D-03  2.4678702143293000D-03  1.5185638127066001D-03  1.5916753442528000D-03
ROW 76  1.8379200811823001D-03  2.8454807201635998D-03  2.6233613147793001D-03  2.1920290566534999D-03  1.9075522283828999D-03  1.8282799603432001D-03  1.4616498357969000D-03  2.1190075723944999D-03  2.2918392136635000D-03  2.5002981891211000D-03  1.5942366963112001D-03  1.6429689326798000D-03
ROW 77  1.9063666932090000D-03  2.8990408334951998D-03  2.6463545553453002D-03  2.1792496088918999D-03  1.8883176407067000D-03  1.7589049127898001D-03  1.4101450895890001D-03  2.0676647083938001D-03  2.2859572100499001D-03  2.5289800485714998D-03  1.6730543830980999D-03  1.6979405192625999D-03
ROW 78  1.9805966899153998D-03  2.9513909372690002D-03  2.6681086708381001D-03  2.1641483579047001D-03  1.8676417522079001D-03  1.6897221563702000D-03  1.3598419340016001D-03  2.0165407745327000D-03  2.2798191694006001D-03  2.5539442488508998D-03  1.7550629614305000D-03  1.7570805503375000D-03
ROW 79  2.0601253209494999D-03  3.0028027202532001D-03  2.6886327701284999D-03  2.1467762725474000D-03  1.8450393841440999D-03  1.6209495722257999D-03  1.3108399378080999D-03  1.9657883045906999D-03  2.2734458175428999D-03  2.5751626860284998D-03  1.8403000690219000D-03  1.8210228268346000D-03
ROW 80  2.1444573310483001D-03  3.0535573807682998D-03  2.7079546804508001D-03  2.1272027905068001D-03  1.8198919360506000D-03  1.5527757472374999D-03  1.2633539649241001D-03  1.9155462365867001D-03  2.2668642155948002D-03  2.5926097787802001D-03  1.9287915715549000D-03  1.8904854996622000D-03
ROW 81  2.2332757494372998D-03  3.1039544200417001D-03  2.7261002326532001D-03  2.1055152821787002D-03  1.7919380086242000D-03  1.4854362957558999D-03  1.2175032365508999D-03  1.8659396249037000D-03  2.2601082805161002D-03  2.6063287885540001D-03  2.0205488273625002D-03  1.9661777989124999D-03
ROW 82  2.3262524945744001D-03  3.1543064909429000D-03  2.7431319850664002D-03  2.0818183924269998D-03  1.7611169762844999D-03  1.4191921663906000D-03  1.1733599163296000D-03  1.8170799815322000D-03  2.2532193028591998D-03  2.6164342440020000D-03  2.1156428855887001D-03  2.0491250672318999D-03
ROW 83  2.4230663848935998D-03  3.2049342016089999D-03  2.7591661851893998D-03  2.0562332711525000D-03  1.7273960259614001D-03  1.3543236850218001D-03  1.1310600137103999D-03  1.7691437618783000D-03  2.2462464440218002D-03  2.6231130677116000D-03  2.2142516409123002D-03  2.1404060880430998D-03
ROW 84  2.5235067899424001D-03  3.2561609521401000D-03  2.7743063365580998D-03  2.0288967038233998D-03  1.6908771812542999D-03  1.2911248630810999D-03  1.0907336594417000D-03  1.7221540822797000D-03  2.2392471935655002D-03  2.6266243385559998D-03  2.3160476164701001D-03  2.2399771804281002D-03
ROW 85  2.6275027100123001D-03  3.3083078771632001D-03  2.7886728162565999D-03  1.9999601528073001D-03  1.6517935509213000D-03  1.2298973701805999D-03  1.0524993709239000D-03  1.6761859645196000D-03  2.2322877659513999D-03  2.6272715898101001D-03  2.4209716653881001D-03  2.3483622671512001D-03
ROW 86  2.7345456242674000D-03  3.3617429386406999D-03  2.8024019023192999D-03  1.9695887195323998D-03  1.6104325151181001D-03  1.1709443426882000D-03  1.0164587046752999D-03  1.6313081177025000D-03  2.2254434154228000D-03  2.6253230733129002D-03  2.5289525210978000D-03  2.4660227512013000D-03
ROW 87  2.8445110329335002D-03  3.4168273154526999D-03  2.8156446183688001D-03  1.9379600362457001D-03  1.5672527265355000D-03  1.1146837810449000D-03  9.8278467832710000D-04  1.5875836928026001D-03  2.2187986477765998D-03  2.6214832086768002D-03  2.6399108087872998D-03  2.5933566729228999D-03
ROW 88  2.9573426947449000D-03  3.4737761390093999D-03  2.8285654022276001D-03  1.9052630945452999D-03  1.5229835277037001D-03  1.0614706163636000D-03  9.5160145603100002D-04  1.5450719954218000D-03  2.2124473084461000D-03  2.6162821676852998D-03  2.7537639332688999D-03  2.7318596979354001D-03
ROW 89  3.0730529407177001D-03  3.5328499118578000D-03  2.8413406053880001D-03  1.8716970160650001D-03  1.4782231250446000D-03  1.0114317783377999D-03  9.2277045191010000D-04  1.5038299703264001D-03  2.2064925276657002D-03  2.6102990846123002D-03  2.8704805822559998D-03  2.8809149753474999D-03
ROW 90  3.1917189927611000D-03  3.5942844826604000D-03  2.8541568306549000D-03  1.8374697688462000D-03  1.4335845819808000D-03  9.6481018235149998D-04  8.9627920214389997D-04  1.4639133707088001D-03  2.2010465055186000D-03  2.6041543090621001D-03  2.9901864462117999D-03  3.0405231407791000D-03
ROW 91  3.3137763989342000D-03  3.6582880137925001D-03  2.8672091161278000D-03  1.8027968312144000D-03  1.3896666404311999D-03  9.2182089654619997D-04  8.7208455281359998D-04  1.4253775490935001D-03  2.1962586254888998D-03  2.5985009864114999D-03  3.1125692354259001D-03  3.2108488235032999D-03
ROW 92  3.4392328860182999D-03  3.7250384294742998D-03  2.8806989750512000D-03  1.7678998035578000D-03  1.3470262277985000D-03  8.8264710361389998D-04  8.5011344202939995D-04  1.3882950590817999D-03  2.1922501299759000D-03  2.5940161499000002D-03  3.2375971038747001D-03  3.3920147156771001D-03
ROW 93  3.5682255460528999D-03  3.7946813713041001D-03  2.8948323029928001D-03  1.7330140048626001D-03  1.3064148014110999D-03  8.4743667270500002D-04  8.3026462887029996D-04  1.3528177226506000D-03  2.1891503331184000D-03  2.5913915061813002D-03  3.3652637931238000D-03  3.5846204884439001D-03
ROW 94  3.7009855034941001D-03  3.8673286808566000D-03  2.9098171663113999D-03  1.6983824269675000D-03  1.2680421497500999D-03  8.1629935112080001D-04  8.1244061667290002D-04  1.3188947666378000D-03  2.1871026031393000D-03  2.5914541307093999D-03  3.4955918038252001D-03  3.7891405604815998D-03
ROW 95  3.8377384084629000D-03  3.9430574211865004D-03  2.9258614889200998D-03  1.6642360012425000D-03  1.2321802770651001D-03  7.8930457130909997D-04  7.9661318367100001D-04  1.2865790192773999D-03  2.1862552804499998D-03  2.5950268256602002D-03  3.6286340351736001D-03  4.0046168446620000D-03
ROW 96  3.9786874218079001D-03  4.0221573185885004D-03  2.9431706578427999D-03  1.6308055991058001D-03  1.1989914569372000D-03  7.6683407142830000D-04  7.8242804867240004D-04  1.2559204691591000D-03  2.1867602931620999D-03  2.6026415472063000D-03  3.7645094604749000D-03  4.2309867064105004D-03
ROW 97  4.1241707569626002D-03  4.1044074872845001D-03  2.9619450718671001D-03  1.5983201746460000D-03  1.1685276558319000D-03  7.4854849999870003D-04  7.6969997105759999D-04  1.2269648791123000D-03  2.1887716002573000D-03  2.6149486898901001D-03  3.9035953958485000D-03  4.4681300343096001D-03
ROW 98  4.2744883926284002D-03  4.1897482372972002D-03  2.9823776615490998D-03  1.5670050590799000D-03  1.1407360318442001D-03  7.3433866960490003D-04  7.5823493160890004D-04  1.1997523067288000D-03  2.1924434805784998D-03  2.6325657325858001D-03  4.0457558509185004D-03  4.7158598321722003D-03
ROW 99  4.4293159827318001D-03  4.2781114567890998D-03  3.0046514127053002D-03  1.5370802218992001D-03  1.1156556739426999D-03  7.2409252468879997D-04  7.4783459133399995D-04  1.1743156319345999D-03  2.1979286907168999D-03  2.6560693286274998D-03  4.1911463468300002D-03  4.9750587670403003D-03
ROW 100  4.5886013986567997D-03  4.3693978299216996D-03  3.0289369291242999D-03  1.5087585127258000D-03  1.0929100031943000D-03  7.1765591653539997D-04  7.3830073245610001D-04  1.1506791912452999D-03  2.2053765194428002D-03  2.6859878958243001D-03  4.3399285848353996D-03  5.2443138537595999D-03
ROW 101  4.7522107706013004D-03  4.4634789699560997D-03  3.0554358815082002D-03  1.4822439022555000D-03  1.0720998987800000D-03  7.1483409412659998D-04  7.2943960659680005D-04  1.1288576124300999D-03  2.2149307704197999D-03  2.7227947324030000D-03  4.4922598683536999D-03  5.5229545960295999D-03
ROW 102  4.9199271908859001D-03  4.5601999055288004D-03  3.0843080636958000D-03  1.4577297450579000D-03  1.0528875755145999D-03  7.1539380277409995D-04  7.2109769472890003D-04  1.1088989631701999D-03  2.2267277084051002D-03  2.7669016741930000D-03  4.6482811814266001D-03  5.8103929819102998D-03
ROW 103  5.0914527931624001D-03  4.6593818588574996D-03  3.1156148321315998D-03  1.4353970911425999D-03  1.0349192360736999D-03  7.1906601453380003D-04  7.1304404355880004D-04  1.0908590807085000D-03  2.2408940068378001D-03  2.8191949790929002D-03  4.8081300911211999D-03  6.1059289842343998D-03
ROW 104  5.2667250000505003D-03  4.7608252474875996D-03  3.1494522257780001D-03  1.4154130768344001D-03  1.0178439420385000D-03  7.2563314204579998D-04  7.0512408261459996D-04  1.0746079409245000D-03  2.2575447365457998D-03  2.8796329953263001D-03  4.9722536015031002D-03  6.4090593209062997D-03
ROW 105  5.4449345471637997D-03  4.8643786832048000D-03  3.1858935084818998D-03  1.3979294283406000D-03  1.0013411651471999D-03  7.3478969101500001D-04  6.9720759736750001D-04  1.0601140894829001D-03  2.2767814361503002D-03  2.9481983229474999D-03  5.1402504766416999D-03  6.7189012589690999D-03
ROW 106  5.6255204236167001D-03  4.9698079359679001D-03  3.2249878861065999D-03  1.3830811132104000D-03  9.8508694404180006D-04  7.4600936708699996D-04  6.8918776970719995D-04  1.0473362248584999D-03  2.2986903045642999D-03  3.0249845671836998D-03  5.3120439294361997D-03  7.0337807333824996D-03
ROW 107  5.8079281094006001D-03  5.0767664089940000D-03  3.2667595493817000D-03  1.3709851754552999D-03  9.6880737302140003D-04  7.5891773158250000D-04  6.8098337442390000D-04  1.0362245257260999D-03  2.3233405547188998D-03  3.1099999207059000D-03  5.4874738234566003D-03  7.3525152288517002D-03
ROW 108  5.9915734948177996D-03  5.1850019800541002D-03  3.3112070702843999D-03  1.3617397892769000D-03  9.5232423543599996D-04  7.7312999852140001D-04  6.7254033134480002D-04  1.0267223733194000D-03  2.3507829653135002D-03  3.2031646684402000D-03  5.6662875903409999D-03  7.6738222804816998D-03
ROW 109  6.1758548856284999D-03  5.2942580383332997D-03  3.3583031727731998D-03  1.3554235640228999D-03  9.3551996108719995D-04  7.8825768567920005D-04  6.6381238145009997D-04  1.0187684171541001D-03  2.3811478089214998D-03  3.3043094641548002D-03  5.8481334724021002D-03  7.9963265219200001D-03
ROW 110  6.3601326366960996D-03  5.4042760107672998D-03  3.4079948906392999D-03  1.3521115021424000D-03  9.1833878389730003D-04  8.0391564615219999D-04  6.5481804544640005D-04  1.0122989184107999D-03  2.4143877641326001D-03  3.4131744592408998D-03  6.0325584714637000D-03  8.3183526716087992D-03
ROW 111  6.5437010191346000D-03  5.5147975089471996D-03  3.4602041163492000D-03  1.3519644313559000D-03  9.0078410938380005D-04  8.1972933911659998D-04  6.4560145455199998D-04  1.0072502941929999D-03  2.4504470661788000D-03  3.5294343120505999D-03  6.2191486170416997D-03  8.6381904217024998D-03
ROW 112  6.7259733957264001D-03  5.6255660288259002D-03  3.5148285353230001D-03  1.3548621915314999D-03  8.8289665941989996D-04  8.3534217421159999D-04  6.3622253313440000D-04  1.0036100921077000D-03  2.4892903524171002D-03  3.6531968334442000D-03  6.4069442095554003D-03  8.9542173124515009D-03
ROW 113  6.9063737136465997D-03  5.7363281483379996D-03  3.5717429304300999D-03  1.3608015358476000D-03  8.6484598317320002D-04  8.5035777588800005D-04  6.2676242017899999D-04  1.0013311054759000D-03  2.5308606078846001D-03  3.7832583460938999D-03  6.5951631001778003D-03  9.2647429806012004D-03
ROW 114  7.0843426308740999D-03  5.8468341845443004D-03  3.6308008319447999D-03  1.3697609499955000D-03  8.4680177127899998D-04  8.6448643757509999D-04  6.1731955722300002D-04  1.0003044305624000D-03  2.5750794925098000D-03  3.9189898406112996D-03  6.7829388196414004D-03  9.5680244369218993D-03
ROW 115  7.2593363243505004D-03  5.9567779343897998D-03  3.6918364791279999D-03  1.3817019025486000D-03  8.2896906481259999D-04  8.7748764469419997D-04  6.0800508956980004D-04  1.0004963677675001D-03  2.6218479811817002D-03  4.0596851335488997D-03  6.9693332529720004D-03  9.8617041739474005D-03
ROW 116  7.4308233029690002D-03  6.0659356520361999D-03  3.7546670513270998D-03  1.3965703892833000D-03  8.1158040823679995D-04  8.8915685120650003D-04  5.9895748865950002D-04  1.0018865686679001D-03  2.6710473051563999D-03  4.2045673589178999D-03  7.1533518912177997D-03  1.0143339143209400D-02
ROW 117  7.5977501389709002D-03  6.1740706814684999D-03  3.8190951193447999D-03  1.4142987404172000D-03  7.9488783951809998D-04  8.9933968381199995D-04  5.9031603170679996D-04  1.0044698410751000D-03  2.7225401766219001D-03  4.3527967869201999D-03  7.3339612235947000D-03  1.0411855666077000D-02
ROW 118  7.7600056542387998D-03  6.2809436297068004D-03  3.8849112620743002D-03  1.4348076508861000D-03  7.7926067515239996D-04  9.0793533895019995D-04  5.8218185591349999D-04  1.0082575557791001D-03  2.7761722720933998D-03  4.5034799317792999D-03  7.5095232327652998D-03  1.0665424811739000D-02
ROW 119  7.9170715125438992D-03  6.3863136383265004D-03  3.9518967892890004D-03  1.4580083858950000D-03  7.6495106807739999D-04  9.1489878116099996D-04  5.7466131807929995D-04  1.0132786043600000D-03  2.8317739448616998D-03  4.6556798686674004D-03  7.6793423277070998D-03  1.0902250625086100D-02
ROW 120  8.0684124806168992D-03  6.4899362433544997D-03  4.0198265091529999D-03  1.4838051073860999D-03  7.5218425532350001D-04  9.2024166902429996D-04  5.6784716872830001D-04  1.0195798706715000D-03  2.8891621321178000D-03  4.8084115610658000D-03  7.8424176658558001D-03  1.1120599539783700D-02
ROW 121  8.2134827638560993D-03  6.5915611531551996D-03  4.0884813418493003D-03  1.5120972620524000D-03  7.4120557085010003D-04  9.2399433401019995D-04  5.6181553024840000D-04  1.0272261927815000D-03  2.9481424187518999D-03  4.9605574208598001D-03  7.9977745201054995D-03  1.1316238543052500D-02
ROW 122  8.3517265247268994D-03  6.6909301016076003D-03  4.1576189251579998D-03  1.5427819683252000D-03  7.3223901997129998D-04  9.2623942355669995D-04  5.5662413997570001D-04  1.0363760769016999D-03  3.0085112172696998D-03  5.1110981260704003D-03  8.1445041424418000D-03  1.1489671760829399D-02
ROW 123  8.4820764939658993D-03  6.7877749432554996D-03  4.2269936848539002D-03  1.5757563385358001D-03  7.2548069008719998D-04  9.2726823066140000D-04  5.5233797726989995D-04  1.0471186888045001D-03  3.0700580218230998D-03  5.2590501921179998D-03  8.2817808559392005D-03  1.1639913874136000D-02
ROW 124  8.6039455954579000D-03  6.8816971302639003D-03  4.2963816475386002D-03  1.6109196732855000D-03  7.2121051366730001D-04  9.2731284547950001D-04  5.4902528003639996D-04  1.0595205892937999D-03  3.1325676940392000D-03  5.4034545402211996D-03  8.4088769231687004D-03  1.1765936762625599D-02
ROW 125  8.7171985988456005D-03  6.9723372078635002D-03  4.3655650653793999D-03  1.6481754679687000D-03  7.1962842234800004D-04  9.2664613661169997D-04  5.4661934998089998D-04  1.0737100520148001D-03  3.1958227391075001D-03  5.5433898824706999D-03  8.5240418083245006D-03  1.1866983120608300D-02
ROW 126  8.8213149467764006D-03  7.0595265551227004D-03  4.4343342107331998D-03  1.6874331763125001D-03  7.2062611593929997D-04  9.2557554235520002D-04  5.4511532280240003D-04  1.0898249534710999D-03  3.2596055324049999D-03  5.6779855470154997D-03  8.6277240492645992D-03  1.1941209351165700D-02
ROW 127  8.9158154668377999D-03  7.1429466941813997D-03  4.5024888700482000D-03  1.7286096825781000D-03  7.2422425483679997D-04  9.2443624053930001D-04  5.4450557765719999D-04  1.1080099410158001D-03  3.3237036111056001D-03  5.8064334309017003D-03  8.7196967226402002D-03  1.1987911431533001D-02
ROW 128  9.0002779135201997D-03  7.2222695043846997D-03  4.5698395210979998D-03  1.7716715669072001D-03  7.3039675412900004D-04  9.2358389322779995D-04  5.4478661025130003D-04  1.1284133672513001D-03  3.3878878037483999D-03  5.9279987837907002D-03  8.7997496037392001D-03  1.2009451521643099D-02
ROW 129  9.0742432626085001D-03  7.2971600203431001D-03  4.6362081875856997D-03  1.8165579427493999D-03  7.3907213884420004D-04  9.2338716772710002D-04  5.4596648917489997D-04  1.1511840779867999D-03  3.4519482491855002D-03  6.0415333333905001D-03  8.8677984710112002D-03  1.2006536113657399D-02
ROW 130  9.1363835691609992D-03  7.3672801575000004D-03  4.7014289749814000D-03  1.8631636969507000D-03  7.5015562802899997D-04  9.2431915617229997D-04  5.4807727650640003D-04  1.1764681468324999D-03  3.5156881408371999D-03  6.1466436366802999D-03  8.9238801541738997D-03  1.1980221871218701D-02
ROW 131  9.1876927999852993D-03  7.4322932878493004D-03  4.7653483007717998D-03  1.9114444412899000D-03  7.6370536853490002D-04  9.2674293441879997D-04  5.5127962285209998D-04  1.2044056524929999D-03  3.5789199970514998D-03  6.2431339664210002D-03  8.9681447653244001D-03  1.1931893616190100D-02
ROW 132  9.2281408157860005D-03  7.4918695386087001D-03  4.8278248407800000D-03  1.9613650382917002D-03  7.7927044139529996D-04  9.3099195168680005D-04  5.5557477783810000D-04  1.2353096962229001D-03  3.6414669134570000D-03  6.3306630226739003D-03  8.9997842541100007D-03  1.1860977919708200D-02
ROW 133  9.2578057368045003D-03  7.5456916406060996D-03  4.8887292205766000D-03  2.0128987881752000D-03  7.9664636776929996D-04  9.3740911438829999D-04  5.6110182796559999D-04  1.2691945413950999D-03  3.7031635981870999D-03  6.4089912156732000D-03  9.0201039349375005D-03  1.1771927236195599D-02
ROW 134  9.2768705109263997D-03  7.5929380045170998D-03  4.9479434870123001D-03  2.0660262842829998D-03  8.1562146527710004D-04  9.4631470599519998D-04  5.6804528769889995D-04  1.3061004250542001D-03  3.7638571872486001D-03  6.4779797504273999D-03  9.0297248145397996D-03  1.1667120502763299D-02
ROW 135  9.2856143810458001D-03  7.6337929736957997D-03  5.0053603993947997D-03  2.1207339771578001D-03  8.3598790469180005D-04  9.5800159269450002D-04  5.7663779905559997D-04  1.3461112862214000D-03  3.8234078419442001D-03  6.5375877795042997D-03  9.0291422446331007D-03  1.1548813328814699D-02
ROW 136  9.2836810461290002D-03  7.6680489662333999D-03  5.0608825826866004D-03  2.1770124961754999D-03  8.5755290337759997D-04  9.7273129047600003D-04  5.8716120337009995D-04  1.3892924331444000D-03  3.8816891344578999D-03  6.5878677726689998D-03  9.0188936218822992D-03  1.1419288331025301D-02
ROW 137  9.2718907701776002D-03  7.6955101662269003D-03  5.1144215863013001D-03  2.2348547847859000D-03  8.8023023258229996D-04  9.9073093831439992D-04  5.9994596041709996D-04  1.4356894970607001D-03  3.9385882314132000D-03  6.6289593045743000D-03  8.9995434637689994D-03  1.1280398737784900D-02
ROW 138  9.2511465588257999D-03  7.7160236718500997D-03  5.1658968916304003D-03  2.2942541107206999D-03  9.0381868757979998D-04  1.0122597208555000D-03  6.1564285324600002D-04  1.4853279015965000D-03  3.9940058883430000D-03  6.6603009724635004D-03  8.9716692464965001D-03  1.1134451587713800D-02
ROW 139  9.2219401191452992D-03  7.7294831679342998D-03  5.2152349094628002D-03  2.3552020158369002D-03  9.2821498966390000D-04  1.0376890858676999D-03  6.3453799600399999D-04  1.5382128427221999D-03  4.0478562705560002D-03  6.6829913107570998D-03  8.9351925328910002D-03  1.0983957230701700D-02
ROW 140  9.1847528832780002D-03  7.7358314058037997D-03  5.2623680050998996D-03  2.4176862714781998D-03  9.5339821957390002D-04  1.0668599668557000D-03  6.5704626881320000D-04  1.5943297535353999D-03  4.1000666178328997D-03  6.6974262953920002D-03  8.8912747494425994D-03  1.0830502668306499D-02
ROW 141  9.1400340749669996D-03  7.7350613557036997D-03  5.3071840431266996D-03  2.4816889043145001D-03  9.7940256398779992D-04  1.0998411875240001D-03  6.8366340122649999D-04  1.6536452085839000D-03  4.1505767717491000D-03  6.7040186609696002D-03  8.8406225018761997D-03  1.0675362854664800D-02
ROW 142  9.0880296424878000D-03  7.7272159555042998D-03  5.3496143667897001D-03  2.5471843546198999D-03  1.0063180607143001D-03  1.1366658520063000D-03  7.1490764780699997D-04  1.7163405992349000D-03  4.1993385852400998D-03  6.7032200334329996D-03  8.7837427287840997D-03  1.0519469151915499D-02
ROW 143  9.0286056368981005D-03  7.7121125637596996D-03  5.3896594476754000D-03  2.6141378239707001D-03  1.0343537730911000D-03  1.1773333832905001D-03  7.5131218641759996D-04  1.7821320985364000D-03  4.2463152343328002D-03  6.6955112148542996D-03  8.7211073509299002D-03  1.0363396655435300D-02
ROW 144  8.9626736344274004D-03  7.6898609486936000D-03  5.4272676203579000D-03  2.6825038625720001D-03  1.0637628498850000D-03  1.2218120391805001D-03  7.9341718834440001D-04  1.8509077154040001D-03  4.2914804518292002D-03  6.6813929319628996D-03  8.6531507509159996D-03  1.0207322161409200D-02
ROW 145  8.8903902678754993D-03  7.6609743522600996D-03  5.4623896287067999D-03  2.7522252380895000D-03  1.0947202821439000D-03  1.2700417864509000D-03  8.4220590730520000D-04  1.9225718058919000D-03  4.3347627006145003D-03  6.6613772464310002D-03  8.5802692192343006D-03  1.0051014998537101D-02
ROW 146  8.8118401310105007D-03  7.6256722706688996D-03  5.4949783343922996D-03  2.8232812338248002D-03  1.1275089496503999D-03  1.3219374136580000D-03  8.9813632835449996D-04  1.9970188753947000D-03  4.3761727907536997D-03  6.6358579206404001D-03  8.5024692744296998D-03  9.8939492516407993D-03
ROW 147  8.7270476364551992D-03  7.5842017130708997D-03  5.5249885570453003D-03  2.8955434556698001D-03  1.1624362343187001D-03  1.3776063180297000D-03  9.6144236383489999D-04  2.0741354027678000D-03  4.4157484286152003D-03  6.6051931170207998D-03  8.4203655740044004D-03  9.7353569262372992D-03
ROW 148  8.6359942960448997D-03  7.5368302934300004D-03  5.5523770364620997D-03  2.9689011309549998D-03  1.1998246929971000D-03  1.4367985262379000D-03  1.0326011520656001D-03  2.1538014947814002D-03  4.4534978260116001D-03  6.5702453514448998D-03  8.3343684108324999D-03  9.5740775064049998D-03
ROW 149  8.5380840773771997D-03  7.4838391186784004D-03  5.5771025032127003D-03  3.0432434093045002D-03  1.2400432007298001D-03  1.4992550962336999D-03  1.1120530992745001D-03  2.2358923093459999D-03  4.4894352365699997D-03  6.5314992649650001D-03  8.2447412797302996D-03  9.4088181207049003D-03
ROW 150  8.4336411878586006D-03  7.4255157670362996D-03  5.5991258410018003D-03  3.1184471345431998D-03  1.2837531537682001D-03  1.5648200450792001D-03  1.2001934704285999D-03  2.3202792032200000D-03  4.5235800927751002D-03  6.4894204566083996D-03  8.1517284087778002D-03  9.2386992893269005D-03
ROW 151  8.3228657392795998D-03  7.3621476403498004D-03  5.6184103221701004D-03  3.1943777564710000D-03  1.3309602562157001D-03  1.6333285552600000D-03  1.2973638300365999D-03  2.4068383387845999D-03  4.5559561755133997D-03  6.4444525798640004D-03  8.0555595168155004D-03  9.0627152959199004D-03
ROW 152  8.2058263802861006D-03  7.2940159505869998D-03  5.6349218968266002D-03  3.2708905110373000D-03  1.3819600597955999D-03  1.7046095247901000D-03  1.4042386920734000D-03  2.4955796184771999D-03  4.5865908245182000D-03  6.3970151303307000D-03  7.9564540542071994D-03  8.8799993566240996D-03
ROW 153  8.0826741539625994D-03  7.2210327384028003D-03  5.6486295162089997D-03  3.3478318262290000D-03  1.4370279168602999D-03  1.7784878951517000D-03  1.5212852850501001D-03  2.5861936443974999D-03  4.6155141961588004D-03  6.3475017927418003D-03  7.8544295273832998D-03  8.6898826544221999D-03
ROW 154  7.9536584625045006D-03  7.1438363722865000D-03  5.6595054718864999D-03  3.4250409044909000D-03  1.4964175175379000D-03  1.8547867789992000D-03  1.6479817257874000D-03  2.6785415234484998D-03  4.6427585730330996D-03  6.2962792099770003D-03  7.7498418747121997D-03  8.4909253923547996D-03
ROW 155  7.8189633642103008D-03  7.0626700443628000D-03  5.6675257342060003D-03  3.5023514277771001D-03  1.5603611846704999D-03  1.9333527494921001D-03  1.7843405955954999D-03  2.7724818235540000D-03  4.6683577278283997D-03  6.2436293997534999D-03  7.6429837025736996D-03  8.2839794693905996D-03
ROW 156  7.6788920040355996D-03  6.9777449817140002D-03  5.6726702757808004D-03  3.5795933285332998D-03  1.6295404889855999D-03  2.0141428741410001D-03  1.9302746579412001D-03  2.8678701271123001D-03  4.6923463419426999D-03  6.1899150703678000D-03  7.5340560711735002D-03  8.0693288478511996D-03
ROW 157  7.5345013344768003D-03  6.8892520295277000D-03  5.6749233686365997D-03  3.6565945690994000D-03  1.7038466252250000D-03  2.0968023905428000D-03  2.0855895538054001D-03  2.9645584924130001D-03  4.7147594774361000D-03  6.1354621524653003D-03  7.4232554631898000D-03  7.8474933392020003D-03
ROW 158  7.3864808196399999D-03  6.7973627055992001D-03  5.6742738466817001D-03  3.7331828732181998D-03  1.7833377270837999D-03  2.1811676584435002D-03  2.2499777281119000D-03  3.0623948795856998D-03  4.7356320990582998D-03  6.0805135520387004D-03  7.3107716342166998D-03  7.6192535669781002D-03
ROW 159  7.2355856703512998D-03  6.7022312928537997D-03  5.6707153282550002D-03  3.8091873564649000D-03  1.8681896941367001D-03  2.2670829816351002D-03  2.4231555099785002D-03  3.1612225923733001D-03  4.7549986414160998D-03  6.0252809730042996D-03  7.1967848960347997D-03  7.3853583163844003D-03
ROW 160  7.0826099573759000D-03  6.6039978107929002D-03  5.6642463964630997D-03  3.8844400073569001D-03  1.9585770243378000D-03  2.3544025238592002D-03  2.6050919894050001D-03  3.2608797783417001D-03  4.7728926148605999D-03  5.9699440615577004D-03  7.0813782497063001D-03  7.1471749827607999D-03
ROW 161  6.9283560588228998D-03  6.5027916749990002D-03  5.6548069442877002D-03  3.9587769774664001D-03  2.0546769396059001D-03  2.4429922970519999D-03  2.7943123845531998D-03  3.3612069648204001D-03  4.7893462424575001D-03  5.9146495184764000D-03  6.9647661426005996D-03  6.9064046665101003D-03
ROW 162  6.7736257119041000D-03  6.3986220477649002D-03  5.6424025622980999D-03  4.0320396467958004D-03  2.1570126407572999D-03  2.5327321965262998D-03  2.9900057301664000D-03  3.4620385674734000D-03  4.8043901195126996D-03  5.8595102368950002D-03  6.8471286099004002D-03  6.6644190681078002D-03
ROW 163  6.6192458825357998D-03  6.2916149191980996D-03  5.6271162888622004D-03  4.1040648052658004D-03  2.2658600435203000D-03  2.6235180302447000D-03  3.1912537560814000D-03  3.5631506570045000D-03  4.8180157154149002D-03  5.8046045463197998D-03  6.7285756779187997D-03  6.4225779973408996D-03
ROW 164  6.4658281423992997D-03  6.1820231451324998D-03  5.6089682465616996D-03  4.1746498366684003D-03  2.3810401699682999D-03  2.7153124434393001D-03  3.3970416830993999D-03  3.6643564423863000D-03  4.8302579427447999D-03  5.7499992180077997D-03  6.6091975197533999D-03  6.1821789912758001D-03
ROW 165  6.3138575934617996D-03  6.0699789397765996D-03  5.5879838705350003D-03  4.2437101507598997D-03  2.5027633116662001D-03  2.8080290792453998D-03  3.6062723068926998D-03  3.7654630480385000D-03  4.8411710945330004D-03  5.6956771748327998D-03  6.4890654828469001D-03  5.9448945479441996D-03
ROW 166  6.1636830158016001D-03  5.9556258745685001D-03  5.5641939009672004D-03  4.3111144657311997D-03  2.6312441532760000D-03  2.9015896414195000D-03  3.8177831679314998D-03  3.8662716215660002D-03  4.8507755323512003D-03  5.6415999431768003D-03  6.3682344000155003D-03  5.7115232981105003D-03
ROW 167  6.0155069365750002D-03  5.8391219882128996D-03  5.5376343651352003D-03  4.3767380863700004D-03  2.7666970301325998D-03  2.9959758360512999D-03  4.0303495197774996D-03  3.9665774821270004D-03  4.8590882537901999D-03  5.5876980231371999D-03  6.2467047336252999D-03  5.4829004776266003D-03
ROW 168  5.8694755646953997D-03  5.7206421886291997D-03  5.5083465534445002D-03  4.4404624110967001D-03  2.9094561589187002D-03  3.0911916349882001D-03  4.2425223652684998D-03  4.0661702874974998D-03  4.8661225100949000D-03  5.5338694601253999D-03  6.1245287986712998D-03  5.2597052838133998D-03
ROW 169  5.7255159621582997D-03  5.6003798628115999D-03  5.4763769926116004D-03  4.5021742583057998D-03  3.0603696282358000D-03  3.1872625996948998D-03  4.4530714467726001D-03  4.1648342037426999D-03  4.8718874014403004D-03  5.4799821721210999D-03  6.0017663766820002D-03  5.0424569940411999D-03
ROW 170  5.5832332396895997D-03  5.4785476476904996D-03  5.4417774177026998D-03  4.5617650535712002D-03  3.2188525253595999D-03  3.2842342870726001D-03  4.6608051897733000D-03  4.2623480701662999D-03  4.8763874526045999D-03  5.4258770509380003D-03  5.8784534347747002D-03  4.8319539597130997D-03
ROW 171  5.4422803559753003D-03  5.3553773514413002D-03  5.4046047432531998D-03  4.6191299243195996D-03  3.3850247373038000D-03  3.3821696435114000D-03  4.8645885406226001D-03  4.3584379301503003D-03  4.8796221752824996D-03  5.3713718489963001D-03  5.7546366438478999D-03  4.6285076411960004D-03
ROW 172  5.3022389385643000D-03  5.2310482996810997D-03  5.3649210322710000D-03  4.6741667519202999D-03  3.5589546023778000D-03  3.4811496153347998D-03  5.0633654111043001D-03  4.4528062608984002D-03  4.8815856269351999D-03  5.3162509064834003D-03  5.6303787448203999D-03  4.4318112410477997D-03
ROW 173  5.1626501247663001D-03  5.1059419472632003D-03  5.3227934606948002D-03  4.7267752326745002D-03  3.7406457413542999D-03  3.5813667751736999D-03  5.2561788053512998D-03  4.5452932951809003D-03  4.8822659797281001D-03  5.2602300282957003D-03  5.5057630541893001D-03  4.2419430870684997D-03
ROW 174  5.0230467879336998D-03  4.9803426234655999D-03  5.2782942739006003D-03  4.7768559988886003D-03  3.9300233994987999D-03  3.6828133947295000D-03  5.4415988771555996D-03  4.6356576171209000D-03  4.8816451165761996D-03  5.2031354841378004D-03  5.3808899957375998D-03  4.0589511718785998D-03
ROW 175  4.8828898591975001D-03  4.8545440573760004D-03  5.2315007312013001D-03  4.8243098491092002D-03  4.1276354363338997D-03  3.7855719287540001D-03  5.6191784510634998D-03  4.7236539208893999D-03  4.8796982744095004D-03  5.1447470221410996D-03  5.2559185194807996D-03  3.8828752730317002D-03
ROW 176  4.7418151211456004D-03  4.7288467819643996D-03  5.1824950340042999D-03  4.8690371327862001D-03  4.3325735348217001D-03  3.8897112059985998D-03  5.7885906272937002D-03  4.8090336699835997D-03  4.8763937572888997D-03  5.0848524736288002D-03  5.1310260713021000D-03  3.7146932922142999D-03
ROW 177  4.5995432005200001D-03  4.6035543253320002D-03  5.1313642333770003D-03  4.9109373292565003D-03  4.5442489387697996D-03  3.9952780852210998D-03  5.9494405062166002D-03  4.8915459908669004D-03  4.8716927437549998D-03  5.0232546512374004D-03  5.0064022893659002D-03  3.5535705557361002D-03
ROW 178  4.4558972851794004D-03  4.4789692589796001D-03  5.0782001132197996D-03  4.9499088542157002D-03  4.7621017679332998D-03  4.1022888279931002D-03  6.1014712450540003D-03  4.9709388404762999D-03  4.8655492136136002D-03  4.9597781039666996D-03  4.8822572136676999D-03  3.3995912558188002D-03
ROW 179  4.3108190145064000D-03  4.3553892431276997D-03  5.0230990460086002D-03  4.9858491190063001D-03  4.9854323515409003D-03  4.2107204748177002D-03  6.2445559088609003D-03  5.0469604757016001D-03  4.8579100191058003D-03  4.8942755117541998D-03  4.7588166111712004D-03  3.2528622396665002D-03
ROW 180  4.1643749053875004D-03  4.2331032048338003D-03  4.9661618190842000D-03  5.0186548593794999D-03  5.2133966223858004D-03  4.3205025330211996D-03  6.3786846855823000D-03  5.1193612375112002D-03  4.8487151239844997D-03  4.8266335021167998D-03  4.6363163560667001D-03  3.1134935406569998D-03
ROW 181  4.0167063757987004D-03  4.1124679394340001D-03  4.9074565899929002D-03  5.0481376878373004D-03  5.4451524266377997D-03  4.4315580889443002D-03  6.5034769619199996D-03  5.1877220119744003D-03  4.8378557316659000D-03  4.7566726380897000D-03  4.5150751983342001D-03  2.9820870470557001D-03
ROW 182  3.8681914149127001D-03  3.9937736956231996D-03  4.8470996935566996D-03  5.0741877796808997D-03  5.6793633502922004D-03  4.5436659643683002D-03  6.6191367849093999D-03  5.2517770843222003D-03  4.8252540020743001D-03  4.6843636608265996D-03  4.3953645881468998D-03  2.8587193456763001D-03
ROW 183  3.7193434178045002D-03  3.8771891895107002D-03  4.7852434708589003D-03  5.0967875754815003D-03  5.9145180907720996D-03  4.6564967980527996D-03  6.7263808069070999D-03  5.3114635611107002D-03  4.8108726569014004D-03  4.6098362805889002D-03  4.2773425556543003D-03  2.7429028048110001D-03
ROW 184  3.5706947674884002D-03  3.7629321426479998D-03  4.7220044254770999D-03  5.1158405647287004D-03  6.1491975841916997D-03  4.7697063101978998D-03  6.8254701793089003D-03  5.3665668892217003D-03  4.7946301656616999D-03  4.5331639935820003D-03  4.1612188228933996D-03  2.6345873152734001D-03
ROW 185  3.4228448637527000D-03  3.6511981891455998D-03  4.6575021288812997D-03  5.1312554988167001D-03  6.3818840282834997D-03  4.8828764171060003D-03  6.9166654856246002D-03  5.4168880678670001D-03  4.7764426599738998D-03  4.4544678213394003D-03  4.0471836283810002D-03  2.5336516948941002D-03
ROW 186  3.2764392133696001D-03  3.5421602332580001D-03  4.5918588939383997D-03  5.1429481995472004D-03  6.6109826709381996D-03  4.9955155279751999D-03  7.0002027226897003D-03  5.4622464349408997D-03  4.7562254850850002D-03  4.3739147380516003D-03  3.9354050386383004D-03  2.4399066555151000D-03
ROW 187  3.1321656427570001D-03  3.4359684857008001D-03  4.5251994386180999D-03  5.1508434918720999D-03  6.8346950418745004D-03  5.1070608459975004D-03  7.0762711843975002D-03  5.5024822775345001D-03  4.7338949422627997D-03  4.2917147415807997D-03  3.8260276890129002D-03  2.3539349206325999D-03
ROW 188  2.9910751726594000D-03  3.3327511626409000D-03  4.4576505453791998D-03  5.1548772122264998D-03  7.0505927879466997D-03  5.2168826808385001D-03  7.1447729465159999D-03  5.5374591517704996D-03  4.7093701951877003D-03  4.2081166533864001D-03  3.7193033404489999D-03  2.2744216464260000D-03
ROW 189  2.8535665870545002D-03  3.2326158072670001D-03  4.3893407215125999D-03  5.1549982404767002D-03  7.2575615403438999D-03  5.3242907106249996D-03  7.2053929812319999D-03  5.5670658022089004D-03  4.6825753058586002D-03  4.1234027819796997D-03  3.6153727358814000D-03  2.2009310555539002D-03
ROW 190  2.7202552633942998D-03  3.1356540002453999D-03  4.3203998652055998D-03  5.1511705016210997D-03  7.4539771990000002D-03  5.4281826823617003D-03  7.2586261477596004D-03  5.5912175827818999D-03  4.6534413586053003D-03  4.0378470389443996D-03  3.5141576187481000D-03  2.1329742549941002D-03
ROW 191  2.5917076290655002D-03  3.0422197881466999D-03  4.2509589413057998D-03  5.1433748829528003D-03  7.6382797401767996D-03  5.5279784906037003D-03  7.3042941795833996D-03  5.6095525504144999D-03  4.6219086248808000D-03  3.9518591495870002D-03  3.4157203976319999D-03  2.0700218817417001D-03
ROW 192  2.4684318086285002D-03  2.9520948727339998D-03  4.1811496697617004D-03  5.1316110133812999D-03  7.8089956262421996D-03  5.6228682002178003D-03  7.3421186972878003D-03  5.6221826893423001D-03  4.5879287168795998D-03  3.8657965756237998D-03  3.3201138593012000D-03  2.0117838231421001D-03
ROW 193  2.3508714884045998D-03  2.8653254295826001D-03  4.1111042285411001D-03  5.1158988539596996D-03  7.9647567704452006D-03  5.7120140000731000D-03  7.3717265957356998D-03  5.6292736286541996D-03  4.5514666749209998D-03  3.7800054812066001D-03  3.2273856492639999D-03  1.9575698382977998D-03
ROW 194  2.2398608650531998D-03  2.7819508497686999D-03  4.0409549715683000D-03  5.0962800522699999D-03  8.1025294809474995D-03  5.7945755522248003D-03  7.3926602926234998D-03  5.6308543332249999D-03  4.5125029321456001D-03  3.6948270603462002D-03  3.1375825486388998D-03  1.9065343464673000D-03
ROW 195  2.1355919180636000D-03  2.7020067685530002D-03  3.9708341609237998D-03  5.0728190180592001D-03  8.2224928357179008D-03  5.8697234700989002D-03  7.4043298252731002D-03  5.6269774711976001D-03  4.4710351005102997D-03  3.6105903504438002D-03  3.0508877096206001D-03  1.8581283629982999D-03
ROW 196  2.0380006964130001D-03  2.6255278862616000D-03  3.9008737113014002D-03  5.0456036832591004D-03  8.3239919764993998D-03  5.9366527843341997D-03  7.4051522004377002D-03  5.6177169665646998D-03  4.4270795243731001D-03  3.5276057024654001D-03  2.9674339654658000D-03  1.8118308586614999D-03
ROW 197  1.9472513916518001D-03  2.5525504486076001D-03  3.8312049435718998D-03  5.0147459160991004D-03  8.4062358020287001D-03  5.9945960731467001D-03  7.3954666557898997D-03  5.6031651331123998D-03  4.3806725521232000D-03  3.4461591195929001D-03  2.8870891031099002D-03  1.7671630019303001D-03
ROW 198  1.8634533771512999D-03  2.4831142652817001D-03  3.7619583433106001D-03  4.9803815662803003D-03  8.4685782060677003D-03  6.0424215904806003D-03  7.3746656015704999D-03  5.5834295203633002D-03  4.3318714822083004D-03  3.3665296004700999D-03  2.8099284482134002D-03  1.7237874595451000D-03
ROW 199  1.7866672919697000D-03  2.4172641624507002D-03  3.6932633193656000D-03  4.9425335523444998D-03  8.5105179187614996D-03  6.0792449727951996D-03  7.3421702912506003D-03  5.5586296197224000D-03  4.2807055418834002D-03  3.2891061649170999D-03  2.7360361898194001D-03  1.6811465260139001D-03
ROW 200  1.7170400266242000D-03  2.3552180373537998D-03  3.6252479569832000D-03  4.9015147446862996D-03  8.5303462378242007D-03  6.1050407611338000D-03  7.2974566481060002D-03  5.5288935893209002D-03  4.2272726245141997D-03  3.2139185504371998D-03  2.6655041185700001D-03  1.6389452332094001D-03
ROW 201  1.6551191765966000D-03  2.2970271270221000D-03  3.5580606692245001D-03  4.8575579044849004D-03  8.5280227639069998D-03  6.1193280336810001D-03  7.2400801746895999D-03  5.4940390856573996D-03  4.1717610537005002D-03  3.1411127913252000D-03  2.5984295763190001D-03  1.5969611662537001D-03
ROW 202  1.6001445932658999D-03  2.2426020034262998D-03  3.4918328200986000D-03  4.8108900104667004D-03  8.5046832485381006D-03  6.1217166197636000D-03  7.1696990215974997D-03  5.4544604097506002D-03  4.1143164865102997D-03  3.0708000279889001D-03  2.5350533854805999D-03  1.5550501933759000D-03
ROW 203  1.5520345751409001D-03  2.1920087663987002D-03  3.4266686691202001D-03  4.7617560684205997D-03  8.4604522464858996D-03  6.1119127216452997D-03  7.0848852286254996D-03  5.4103740244383003D-03  4.0551041839966004D-03  3.0030582800301001D-03  2.4756122833096000D-03  1.5131537387674001D-03
ROW 204  1.5106863226962001D-03  2.1453145850039998D-03  3.3626878666233998D-03  4.7104168458807997D-03  8.3956071212358003D-03  6.0897229508304002D-03  6.9865491911460997D-03  5.3619152969207997D-03  3.9943075054069003D-03  2.9379351818044999D-03  2.4199435766732000D-03  1.4713167728184001D-03
ROW 205  1.4759786592309001D-03  2.1025848087003001D-03  3.3000071610732999D-03  4.6571463122322999D-03  8.3105825118469003D-03  6.0550567881845997D-03  6.8750406829377001D-03  5.3092173540339998D-03  3.9321260416799002D-03  2.8754515072498001D-03  2.3681348193463000D-03  1.4296772210442999D-03
ROW 206  1.4477739010011999D-03  2.0638795714203999D-03  3.2387399976958001D-03  4.6022288258333001D-03  8.2054903098830994D-03  6.0079275097145004D-03  6.7506394709567000D-03  5.2524110366586000D-03  3.8687734257786999D-03  2.8156052871082002D-03  2.3202631638215001D-03  1.3884571610836001D-03
ROW 207  1.4264357520121999D-03  2.0292500119263000D-03  3.1789960782231002D-03  4.5459561156665999D-03  8.0799276811238992D-03  5.9474387090726003D-03  6.6137897889935000D-03  5.1916255938254004D-03  3.8044748657437002D-03  2.7584784411095000D-03  2.2763928681594999D-03  1.3479571193132000D-03
ROW 208  1.4114604551215000D-03  1.9987342522711999D-03  3.1208808806184999D-03  4.4886241100624003D-03  7.9367035211204001D-03  5.8747352512048996D-03  6.4650973487227004D-03  5.1269900767202999D-03  3.7394644532877000D-03  2.7040691161572001D-03  2.2365732281175001D-03  1.3085573425441000D-03
ROW 209  1.4024407578152999D-03  1.9723640926371001D-03  3.0644951389352001D-03  4.4305296690523004D-03  7.7769499082473003D-03  5.7902955565457999D-03  6.3053216550159000D-03  5.0586353543635000D-03  3.6739823060839998D-03  2.6521922827018002D-03  2.2009711360945999D-03  1.2709363923938000D-03
ROW 210  1.3991729779465000D-03  1.9504753670508000D-03  3.0099342848339998D-03  4.3719672798034999D-03  7.6019488338548999D-03  5.6945503121065997D-03  6.1347535124560999D-03  4.9866966377485004D-03  3.6082716054813002D-03  2.6028005889159999D-03  2.1697852847815001D-03  1.2354280520212001D-03
ROW 211  1.4014364549792999D-03  1.9326875492993000D-03  2.9572878537098999D-03  4.3132257762461997D-03  7.4131173311966000D-03  5.5880166958532998D-03  5.9548319230466997D-03  4.9110514744430001D-03  3.5425755931348000D-03  2.5558470938927000D-03  2.1426886524676001D-03  1.2025380554529000D-03
ROW 212  1.4089923928880001D-03  1.9189402349129000D-03  2.9066388598439998D-03  4.2545851443606996D-03  7.2119871168489997D-03  5.4712917876080999D-03  5.7671304278592000D-03  4.8321301834039002D-03  3.4771345899654001D-03  2.5112884737105001D-03  2.1196523811098998D-03  1.1727751151976999D-03
ROW 213  1.4217275255477000D-03  1.9091412226928000D-03  2.8580631464810002D-03  4.1963134735810998D-03  6.9992148961441998D-03  5.3450452256951003D-03  5.5728817572680998D-03  4.7501156742300000D-03  3.4121830989950002D-03  2.4690875387617002D-03  2.1006273279436001D-03  1.1466315843607999D-03
ROW 214  1.4395934119606000D-03  1.9031645988871000D-03  2.8116287182198998D-03  4.1386641123579001D-03  6.7776763212306999D-03  5.2100112301541003D-03  5.3733706220430999D-03  4.6651947621104001D-03  3.3479470500714001D-03  2.4292150023028001D-03  2.0855434299214999D-03  1.1248975996214999D-03
ROW 215  1.4618457694467000D-03  1.9008496441003000D-03  2.7673950645770999D-03  4.0818730821195999D-03  6.5492084835067996D-03  5.0667503381681004D-03  5.1699084467830003D-03  4.5775737789214999D-03  3.2846412394543999D-03  2.3916504758409000D-03  2.0743089614571001D-03  1.1079692379100000D-03
ROW 216  1.4881552558016001D-03  1.9020006397969999D-03  2.7254124850115999D-03  4.0261695930124001D-03  6.3154921253679996D-03  4.9159868483272997D-03  4.9638080938051001D-03  4.4874804469144996D-03  3.2224670108956998D-03  2.3565394670086999D-03  2.0669068906276999D-03  1.0959039363216000D-03
ROW 217  1.5181697114811999D-03  1.9063876230794999D-03  2.6857214270641001D-03  3.9717978343641004D-03  6.0781509239533999D-03  4.7590967133684997D-03  4.7563579867802002D-03  4.3951650540616002D-03  3.1616399052739001D-03  2.3237811235712002D-03  2.0633808190668001D-03  1.0889139765435001D-03
ROW 218  1.5515145097065000D-03  1.9137481086175000D-03  2.6483518505239002D-03  3.9188816033319997D-03  5.8387190922433996D-03  4.5969887531457001D-03  4.5489614075915003D-03  4.3009008293815000D-03  3.1023534767933999D-03  2.2933238817042000D-03  2.0632515975526999D-03  1.0871081761911999D-03
ROW 219  1.5877936128760001D-03  1.9239002519600000D-03  2.6133226316568999D-03  3.8675650379208998D-03  5.5986585367276001D-03  4.4305885113287997D-03  4.3428479924003003D-03  4.2049834535798003D-03  3.0447152102171002D-03  2.2651791577295000D-03  2.0663236172048000D-03  1.0905261794216001D-03
ROW 220  1.6267907401228000D-03  1.9364670266471000D-03  2.5806410224572000D-03  3.8179673191426002D-03  5.3594219919559996D-03  4.2608291196224004D-03  4.1390821441451998D-03  4.1077209378199003D-03  2.9888526998336001D-03  2.2393612272151998D-03  2.0723742513094000D-03  1.0995997346028999D-03
ROW 221  1.6678355824186000D-03  1.9509982579172000D-03  2.5503584476208999D-03  3.7701824945087000D-03  5.1221061335607002D-03  4.0886424343124003D-03  3.9386243610806003D-03  4.0094141872367003D-03  2.9348731387879999D-03  2.2158846360275002D-03  2.0811533058075998D-03  1.1133996868180000D-03
ROW 222  1.7104250581425999D-03  1.9671346567851000D-03  2.5224487938748999D-03  3.7242797304086000D-03  4.8876196603519001D-03  3.9149505609915002D-03  3.7423210993028002D-03  3.9105145690616003D-03  2.8828630450397001D-03  2.1947614355329000D-03  2.0923829667473999D-03  1.1315211631719000D-03
ROW 223  1.7541051183929000D-03  1.9845078357956002D-03  2.4968305058091001D-03  3.6803039770957001D-03  4.6567098698353003D-03  3.7406578740972998D-03  3.5508983738230001D-03  3.8113869893610002D-03  2.8328883193371002D-03  2.1759983612979002D-03  2.1057968172756001D-03  1.1534415881824999D-03
ROW 224  1.7984212759700000D-03  2.0027466830366998D-03  2.4734589647345002D-03  3.6382770201908998D-03  4.4299727636777000D-03  3.5667302599625000D-03  3.3650737655689001D-03  3.7124026197553998D-03  2.7849946145967002D-03  2.1596024747752001D-03  2.1211428232935001D-03  1.1785277511661999D-03
ROW 225  1.8429251454713999D-03  2.0214839871255000D-03  2.4522766246169001D-03  3.5981988834873002D-03  4.2080204807330998D-03  3.3940762767064999D-03  3.1857906125516999D-03  3.6139339703562001D-03  2.7392079901908000D-03  2.1457619861750999D-03  2.1378753373234999D-03  1.2061664289193001D-03
ROW 226  1.8871517980423001D-03  2.0403631350098999D-03  2.4332131612123998D-03  3.5600495396900002D-03  3.9915342961284999D-03  3.2234882303820000D-03  3.0128834196594999D-03  3.5163497453460000D-03  2.6955358198591998D-03  2.1342362596762999D-03  2.1556156330281000D-03  1.2353415093422000D-03
ROW 227  1.9306077556626999D-03  2.0590446984890000D-03  2.4161857819742002D-03  3.5237908788193001D-03  3.7803292486348998D-03  3.0557209707758001D-03  2.8465791032641998D-03  3.4200096595965001D-03  2.6539679183664000D-03  2.1249811755568999D-03  2.1739702141784002D-03  1.2650170454377001D-03
ROW 228  1.9729384690675999D-03  2.0772091463253000D-03  2.4010997053575999D-03  3.4893688785557998D-03  3.5745913286940002D-03  2.8914806770960000D-03  2.6870090835313999D-03  3.3252593928657999D-03  2.6144778496355000D-03  2.1179355182875999D-03  2.1925358846850000D-03  1.2942495717596001D-03
ROW 229  2.0138002877637001D-03  2.0944844661989000D-03  2.3878488151221002D-03  3.4567159170042000D-03  3.3744783458906002D-03  2.7314213607774998D-03  2.5342223930950999D-03  3.2324258485631001D-03  2.5770243779014001D-03  2.1130198979271001D-03  2.2109054528632998D-03  1.3220828270846001D-03
ROW 230  2.0528897878308999D-03  2.1106733379907001D-03  2.3763164917342001D-03  3.4257531663174001D-03  3.1801424263525001D-03  2.5761420542653002D-03  2.3882001299999002D-03  3.1418674898779000D-03  2.5415530233926999D-03  2.1101361259167999D-03  2.2286575408092999D-03  1.3475397274945000D-03
ROW 231  2.0899474745494999D-03  2.1255717987785001D-03  2.3663766190734998D-03  3.3963930054207998D-03  2.9917484582463998D-03  2.4261846208946001D-03  2.2488706175622999D-03  3.0539883256336998D-03  2.5079976850782000D-03  2.1091670517662999D-03  2.2452712357566998D-03  1.3692531340837001D-03
ROW 232  2.1247600066518998D-03  2.1390188169553999D-03  2.3578947604340002D-03  3.3685413917057001D-03  2.8101979949022998D-03  2.2821868878585999D-03  2.1167930780887001D-03  2.9688870964538999D-03  2.4762822949958001D-03  2.1099768548937001D-03  2.2604345488178999D-03  1.3867531587624000D-03
ROW 233  2.1568867963657002D-03  2.1508983347785001D-03  2.3507294933914000D-03  3.3421001349671999D-03  2.6351133414703001D-03  2.1448949440817000D-03  1.9911709350646000D-03  2.8867717788826999D-03  2.4463224714727999D-03  2.1124585302693998D-03  2.2737948268210999D-03  1.3993787858357001D-03
ROW 234  2.1864396216413002D-03  2.1611401807576998D-03  2.3447338886158002D-03  3.3170025318825999D-03  2.4667128180552002D-03  2.0142443005836002D-03  1.8718314003985000D-03  2.8078166839050002D-03  2.4180271419984001D-03  2.1164616700029000D-03  2.2850283460231001D-03  1.4066177607055001D-03
ROW 235  2.2133770828379998D-03  2.1697198222554001D-03  2.3397571132829000D-03  3.2931353250992002D-03  2.3052963010673998D-03  1.8905211391499999D-03  1.7586387974956000D-03  2.7321620577391999D-03  2.3913256101048999D-03  2.1216991837326002D-03  2.2938453046151999D-03  1.4081296216157000D-03
ROW 236  2.2376705253584002D-03  2.1766569642806002D-03  2.3356461355362001D-03  3.2703700591785001D-03  2.1511832918681001D-03  1.7739500439648999D-03  1.6514714262163999D-03  2.6599144581768998D-03  2.3661335874770001D-03  2.1279692673817998D-03  2.2999940148555999D-03  1.4033017008458000D-03
ROW 237  2.2593233885178001D-03  2.1820130364676002D-03  2.3322475026279002D-03  3.2486116793842999D-03  2.0046996994787002D-03  1.6646940027651000D-03  1.5502275323660999D-03  2.5911478518096998D-03  2.3422981684503002D-03  2.1350596461521001D-03  2.3032328856373999D-03  1.3923700502580000D-03
ROW 238  2.2783650210292002D-03  2.1858221682913002D-03  2.3294091620732001D-03  3.2277694767672001D-03  1.8667657344731000D-03  1.5628545982520000D-03  1.4548284901216000D-03  2.5259053556868998D-03  2.3197163907229998D-03  2.1427501134835998D-03  2.3031071582027001D-03  1.3759590683822000D-03
ROW 239  2.2947064697978999D-03  2.1882520289330000D-03  2.3269822925386001D-03  3.2077578933141998D-03  1.7375016989211001D-03  1.4684724116099000D-03  1.3656778112766999D-03  2.4642015293871999D-03  2.2982857082575001D-03  2.1508152844731000D-03  2.2998000702286999D-03  1.3545537587708000D-03
ROW 240  2.3083991694243999D-03  2.1895257893168002D-03  2.3248231093651000D-03  3.1884970390496999D-03  1.6167673918831000D-03  1.3815276854658000D-03  1.2824454775634000D-03  2.4061456378991000D-03  2.2779050270380001D-03  2.1590275222088998D-03  2.2932478460536000D-03  1.3287985267430001D-03
ROW 241  2.3196725229030000D-03  2.1898311940425001D-03  2.3227945984510001D-03  3.1699129324205002D-03  1.5047401940010000D-03  1.3024350436785001D-03  1.2049502729738000D-03  2.3517513437521999D-03  2.2584756233035999D-03  2.1671599949462002D-03  2.2834312486500002D-03  1.2994313275667001D-03
ROW 242  2.3285928132961002D-03  2.1893704144155001D-03  2.3207602079051998D-03  3.1519374836138998D-03  1.4015286826298001D-03  1.2307258233007999D-03  1.1331841112903001D-03  2.3007856900504001D-03  2.2399019475143000D-03  2.1749577415105001D-03  2.2703739923167002D-03  1.2671578366508999D-03
ROW 243  2.3352199720905000D-03  2.1883534728916001D-03  2.3186001853425001D-03  3.1345082477628001D-03  1.3071657790023001D-03  1.1659995738276000D-03  1.0671368960731000D-03  2.2531763446270001D-03  2.2220923196855000D-03  2.1821910898321001D-03  2.2541404975400000D-03  1.2333055889606999D-03
ROW 244  2.3396037347779000D-03  2.1869916934898000D-03  2.3162087679752998D-03  3.1175679810745002D-03  1.2219044262151001D-03  1.1079978271509999D-03  1.0067869413100999D-03  2.2088390455606002D-03  2.2049595235524998D-03  2.1886683750208000D-03  2.2348196430899002D-03  1.1987847367389999D-03
ROW 245  2.3417764159207001D-03  2.1854913714869999D-03  2.3134927859681000D-03  3.1010640376288000D-03  1.1460349189434001D-03  1.0564130303283999D-03  9.5209126566139996D-04  2.1676807294061001D-03  2.1884213082816002D-03  2.1942016484026998D-03  2.2122701947310999D-03  1.1644535737554999D-03
ROW 246  2.3415112861125001D-03  2.1840478433473001D-03  2.3103725506309000D-03  3.0849476477935000D-03  1.0785831890551001D-03  1.0108927987797999D-03  9.0328105134629996D-04  2.1296023992365002D-03  2.1724008071656998D-03  2.1986202886689001D-03  2.1869913383881002D-03  1.1310809541713999D-03
ROW 247  2.3390669051958001D-03  2.1828425905809001D-03  2.3067824982605000D-03  3.0691731208747999D-03  1.0192613525624001D-03  9.7104497368320005D-04  8.6020386662690005D-04  2.0945016538089999D-03  2.1568268829668998D-03  2.2017738026885001D-03  2.1591854884475000D-03  1.0994892223479000D-03
ROW 248  2.3344317257240001D-03  2.1820752244687000D-03  2.3026715758361002D-03  3.0536970147507000D-03  9.6772302634199996D-04  9.3644347340710000D-04  8.2239616230009999D-04  2.0622748143532001D-03  2.1416344093486001D-03  2.2035343894580002D-03  2.1290777242651002D-03  1.0701857622390999D-03
ROW 249  2.3275818617181998D-03  2.1818515909902999D-03  2.2980033608843002D-03  3.0384773138891000D-03  9.2357272890759997D-04  9.0670852614939997D-04  7.8963777999319995D-04  2.0328186018352002D-03  2.1267644972548000D-03  2.2037992075183998D-03  2.0969121418314002D-03  1.0433805547995000D-03
ROW 250  2.3184838117074999D-03  2.1822703880363999D-03  2.2927559141947000D-03  3.0234726544566999D-03  8.8637559818489995D-04  8.8157616871160005D-04  7.6165761523179997D-04  2.0061527263150998D-03  2.1121646741995999D-03  2.2024922857667999D-03  2.0629483358458999D-03  1.0192154310303999D-03
ROW 251  2.3070979065598000D-03  2.1834001569950002D-03  2.2869213705063998D-03  3.0086416313155999D-03  8.5636331979249995D-04  8.6019241882929998D-04  7.3813533171389995D-04  1.9821398541220998D-03  2.0977890233231998D-03  2.1994187861929999D-03  2.0274580653078002D-03  9.9768581646909990D-04
ROW 252  2.2932226754727998D-03  2.1852784865257998D-03  2.2805052785826998D-03  2.9939462322051999D-03  8.3227302644950005D-04  8.4206824318529998D-04  7.1870568088370005D-04  1.9605850447452001D-03  2.0835982878062999D-03  2.1947037759199998D-03  1.9906172241961001D-03  9.7869524430849999D-04
ROW 253  2.2768520015814002D-03  2.1879121200888002D-03  2.2735257080578001D-03  2.9793357465925999D-03  8.1357735421149998D-04  8.2672099420700001D-04  7.0306796105369998D-04  1.9413940379174001D-03  2.0695618181572999D-03  2.1883718589920001D-03  1.9528742717606999D-03  9.6219510558669997D-04
ROW 254  2.2580759264832998D-03  2.1912779060107002D-03  2.2660121458847999D-03  2.9647648150873999D-03  7.9977117674900000D-04  8.1368242542010001D-04  6.9087664613640002D-04  1.9244738750854001D-03  2.0556552453626000D-03  2.1804714132426998D-03  1.9145212651513000D-03  9.4757239971739995D-04
ROW 255  2.2368788041792998D-03  2.1953245047593999D-03  2.2580042099776998D-03  2.9501872996503002D-03  7.9035068760259996D-04  8.0250628351680002D-04  6.8140046039960004D-04  1.9097317484916001D-03  2.0418553115921999D-03  2.1710796035062001D-03  1.8758493958107999D-03  9.3447375555379998D-04
ROW 256  2.2132630795085998D-03  2.1999747487927998D-03  2.2495502115853000D-03  2.9355556636682999D-03  7.8481824688539999D-04  7.9277524573310000D-04  6.7418240333550004D-04  1.8970735655814001D-03  2.0281507924371001D-03  2.1603009105958999D-03  1.8371480559033000D-03  9.2254541128900002D-04
ROW 257  2.1872534877889001D-03  2.2051477059579000D-03  2.2407056009492001D-03  2.9208212179279002D-03  7.8291221144470005D-04  7.8410698975280003D-04  6.6877459050720001D-04  1.8864023080232999D-03  2.0145372181878999D-03  2.1482650538571001D-03  1.7987027799403999D-03  9.1145953725030001D-04
ROW 258  2.1588684573390000D-03  2.2107011087110001D-03  2.2315313328169998D-03  2.9059345237168002D-03  7.8397936235770002D-04  7.7618433363249996D-04  6.6475014655290000D-04  1.8776162722063000D-03  2.0010168083567001D-03  2.1351243303325000D-03  1.7607932386615999D-03  9.0096357078909997D-04
ROW 259  2.1279981967424000D-03  2.2164783678864999D-03  2.2220921893646999D-03  2.8908459384272998D-03  7.8743090315100005D-04  7.6866209393560000D-04  6.6171416857420005D-04  1.8706072829654001D-03  1.9875983749685000D-03  2.1210319479902000D-03  1.7238024136393001D-03  8.9079994914289997D-04
ROW 260  2.0950045765945999D-03  2.2223295707236002D-03  2.2124550980307999D-03  2.8755062844691998D-03  7.9284558375260000D-04  7.6127637684969996D-04  6.5931562111529998D-04  1.8653510163570001D-03  1.9742971913742002D-03  2.1061652179812998D-03  1.6879361478582000D-03  8.8081843494639998D-04
ROW 261  2.0600383533264000D-03  2.2280972382714998D-03  2.2026858659607998D-03  2.8598676185908000D-03  7.9983233153439997D-04  7.5383404553020005D-04  6.5725247397679996D-04  1.8616482382271000D-03  1.9611348229348000D-03  2.0907870224251002D-03  1.6534344022213000D-03  8.7096575081800002D-04
ROW 262  2.0232811314497999D-03  2.2336199353613002D-03  2.1928555261809001D-03  2.8438840759263001D-03  8.0803539055270001D-04  7.4618898352760003D-04  6.5523244744109996D-04  1.8593190966553000D-03  1.9481389157013000D-03  2.0751041046171998D-03  1.6205270391670000D-03  8.6125356107309996D-04
ROW 263  1.9849434412412001D-03  2.2387356718421999D-03  2.1830298648868002D-03  2.8275127612664998D-03  8.1716325482349996D-04  7.3824032441919998D-04  6.5307802157520004D-04  1.8582116193724000D-03  1.9353429391618000D-03  2.0593244784945001D-03  1.5894254412542001D-03  8.5175375657120002D-04
ROW 264  1.9452616528315000D-03  2.2432850214876999D-03  2.1732680272557999D-03  2.8107146591903999D-03  8.2694124467340001D-04  7.2992959477090000D-04  6.5066842583489997D-04  1.8581612022425999D-03  1.9227858792375001D-03  2.0436527900726999D-03  1.5603194359666000D-03  8.4262218493890003D-04
ROW 265  1.9044299922938001D-03  2.2471139025879998D-03  2.1636238424119002D-03  2.7934555347639998D-03  8.3709557922380005D-04  7.2123693871920002D-04  6.4793661680040003D-04  1.8589906594506001D-03  1.9105118779916999D-03  2.0282857840305999D-03  1.5333740072572999D-03  8.3396925613810004D-04
ROW 266  1.8628063450190999D-03  2.2500680391536001D-03  2.1541448158538998D-03  2.7757067974479000D-03  8.4747506588440003D-04  7.1217353742529998D-04  6.4486414451410000D-04  1.8605107947829000D-03  1.8985698169542999D-03  2.0134080053487002D-03  1.5089619131285000D-03  8.2593642945100003D-04
ROW 267  1.8207180583243001D-03  2.2519276942550999D-03  2.1448713076851998D-03  2.7574463025760000D-03  8.5798358963870005D-04  7.0276509522770002D-04  6.4147428765180001D-04  1.8625215180273001D-03  1.8870128415644999D-03  1.9991878608991002D-03  1.4869946454390999D-03  8.1865785787699999D-04
ROW 268  1.7784537375229001D-03  2.2526407797809002D-03  2.1358359051005999D-03  2.7386590671724998D-03  8.6857966347469995D-04  6.9311454531920005D-04  6.3780750138060002D-04  1.8648135132354000D-03  1.8758978249943999D-03  1.9858247010780001D-03  1.4675033890300000D-03  8.1225068821460004D-04
ROW 269  1.7362972148716000D-03  2.2520976243058000D-03  2.1270629926925999D-03  2.7193313134902001D-03  8.7927405192499998D-04  6.8331068929769999D-04  6.3397663560200003D-04  1.8671704478221999D-03  1.8652847705242000D-03  1.9734449884401999D-03  1.4505086802316001D-03  8.0689829582249997D-04
ROW 270  1.6945209255805000D-03  2.2502020895287002D-03  2.1185685194333001D-03  2.6994507061236998D-03  8.9015601725430001D-04  6.7345410157339995D-04  6.3008496661629996D-04  1.8693440164103000D-03  1.8552361526998000D-03  1.9621115068355999D-03  1.4359896981957000D-03  8.0263607439249999D-04
ROW 271  1.6534031159861999D-03  2.2468719605776002D-03  2.1103599567837000D-03  2.6790487294792000D-03  9.0132305800239996D-04  6.6365235627520002D-04  6.2623608330509997D-04  1.8711039890387999D-03  1.8458248160230001D-03  1.9518931664509001D-03  1.4238826816202000D-03  7.9945403521100003D-04
ROW 272  1.6132590741212000D-03  2.2420390442947002D-03  2.1024364383679002D-03  2.6581450864969001D-03  9.1291481506419996D-04  6.5401574850360001D-04  6.2253055473060004D-04  1.8722344906554000D-03  1.8371373277351001D-03  1.9428318358202001D-03  1.4140802870805001D-03  7.9736949641619995D-04
ROW 273  1.5742203662230999D-03  2.2356490185083001D-03  2.0947890681113999D-03  2.6367683337303999D-03  9.2509043249410004D-04  6.4465360601120001D-04  6.1905994317780000D-04  1.8725251473177000D-03  1.8292151922800000D-03  1.9349425305215000D-03  1.4066134357836001D-03  7.9638788264509998D-04
ROW 274  1.5364480897392999D-03  2.2276610771221001D-03  2.0874013807247998D-03  2.6149557540549998D-03  9.3801752690819999D-04  6.3567125120339997D-04  6.1590249773599997D-04  1.8717773059577999D-03  1.8221228027446000D-03  1.9282142898706001D-03  1.4011016596250001D-03  7.9653390060720002D-04
ROW 275  1.5000679524476001D-03  2.2180474158538001D-03  2.0802499359638999D-03  2.5927530818029001D-03  9.5186086697099999D-04  6.2719816858229996D-04  6.1314967658000004D-04  1.8698083340174000D-03  1.8159227445145999D-03  1.9226116753996000D-03  1.3972670071315000D-03  7.9791769363610004D-04
ROW 276  1.4651691775589999D-03  2.2067066896051999D-03  2.0733050262178999D-03  2.5702140872676002D-03  9.6686936114890004D-04  6.1932958592140000D-04  6.1084030173279996D-04  1.8664559078571000D-03  1.8106748440519999D-03  1.9180768017316001D-03  1.3948373327797999D-03  8.0043742208109998D-04
ROW 277  1.4318046076303001D-03  2.1936647452167998D-03  2.0665314756918001D-03  2.5474000306357999D-03  9.8313471505779996D-04  6.1212457870049998D-04  6.0898644652259998D-04  1.8615821754814001D-03  1.8064351995782000D-03  1.9146057132752999D-03  1.3935139641060000D-03  8.0413477029540003D-04
ROW 278  1.4001330474207000D-03  2.1789881877860998D-03  2.0598895087183999D-03  2.5243789981181002D-03  1.0006981380604001D-03  6.0565306950260002D-04  6.0760421774909998D-04  1.8550776779603000D-03  1.8032552057533000D-03  1.9120213969370001D-03  1.3929785977923000D-03  8.0907336172719995D-04
ROW 279  1.3700305653998001D-03  2.1626964160657001D-03  2.0533356645633999D-03  2.5012251353190998D-03  1.0196017306538000D-03  5.9997561604189999D-04  6.0670269203500003D-04  1.8468626984685999D-03  1.8011805856956999D-03  1.9102011238749000D-03  1.3929009701852001D-03  8.1533904376490001D-04
ROW 280  1.3414038866602000D-03  2.1448180785712001D-03  2.0468237364170000D-03  2.4780177946851999D-03  1.0398435320403000D-03  5.9514404377290005D-04  6.0628884529370002D-04  1.8367510663418001D-03  1.8002504447556000D-03  1.9090223279562999D-03  1.3929285171373001D-03  8.2317604145890001D-04
ROW 281  1.3141770152423000D-03  2.1253904041169999D-03  2.0403042386919002D-03  2.4548406151707002D-03  1.0613770894534000D-03  5.9120242766600003D-04  6.0637271557379996D-04  1.8248893234884000D-03  1.8004963612816001D-03  1.9083548314498000D-03  1.3926889490174000D-03  8.3266157495800000D-04
ROW 282  1.2882548166376999D-03  2.1044585941300000D-03  2.0337253263262001D-03  2.4317805530741001D-03  1.0841600203220999D-03  5.8818835510470000D-04  6.0699679213159995D-04  1.8113209189431999D-03  1.8019415301811000D-03  1.9080634870984000D-03  1.3918689732903000D-03  8.4385968656200004D-04
ROW 283  1.2635281558195000D-03  2.0820752844957998D-03  2.0270383818972002D-03  2.4089268833181001D-03  1.1080802438913999D-03  5.8613644632859996D-04  6.0820859794520003D-04  1.7961300335647000D-03  1.8045999753203000D-03  1.9080105335907000D-03  1.3901799765476000D-03  8.5689450461350005D-04
ROW 284  1.2399159380218001D-03  2.0583000787397000D-03  2.0201955810820000D-03  2.3863701903043002D-03  1.1328858643582999D-03  5.8516838928560002D-04  6.1002594262009996D-04  1.7794416778475000D-03  1.8084758467345999D-03  1.9080576136520000D-03  1.3873625376905000D-03  8.7187507457390004D-04
ROW 285  1.2173188039635999D-03  2.0331871901332998D-03  2.0131508184197998D-03  2.3642013668879998D-03  1.1584010682920999D-03  5.8522215967420001D-04  6.1251807445199995D-04  1.7614209483986999D-03  1.8135628181991000D-03  1.9080641731626000D-03  1.3831917279090000D-03  8.8893304312680005D-04
ROW 286  1.1955347028918999D-03  2.0067313027521002D-03  2.0058603782588001D-03  2.3425106390395998D-03  1.1844468640447999D-03  5.8632617175499995D-04  6.1577280771569999D-04  1.7422714292759001D-03  1.8198435999473000D-03  1.9078714313157000D-03  1.3774810538311000D-03  9.0829495329519997D-04
ROW 287  1.1744536282860000D-03  1.9791138958020998D-03  1.9982835154950000D-03  2.3214063049164001D-03  1.2108538941962000D-03  5.8851154407839996D-04  6.1989538501520003D-04  1.7222327459401000D-03  1.8272895802232000D-03  1.9073531431370000D-03  1.3699392049798000D-03  9.2971886432359995D-04
ROW 288  1.1539775938958000D-03  1.9504201314110999D-03  1.9903829401824000D-03  2.3009748543419998D-03  1.2374757404096999D-03  5.9181397451080003D-04  6.2500602124410001D-04  1.7015773015953001D-03  1.8358606079315999D-03  1.9063828575603000D-03  1.3605454220235000D-03  9.5313071651529995D-04
ROW 289  1.1340240829203999D-03  1.9207404523418001D-03  1.9821252029163000D-03  2.2812866740378000D-03  1.2642035814717000D-03  5.9627555782760004D-04  6.3126251796480001D-04  1.6806066811617000D-03  1.8455148674513999D-03  1.9048388082352999D-03  1.3492979074956001D-03  9.7839355662549996D-04
ROW 290  1.1145287855963001D-03  1.8901702521410999D-03  1.9734809806991999D-03  2.2624199557812002D-03  1.2909649128831999D-03  6.0194649668700003D-04  6.3890505117470005D-04  1.6596791167493999D-03  1.8562151999866000D-03  1.9026043122951999D-03  1.3361839758055001D-03  1.0053045504545000D-03
ROW 291  1.0954882402451000D-03  1.8588094756124001D-03  1.9644252657412000D-03  2.2444481447646998D-03  1.3177654875244000D-03  6.0888665013580001D-04  6.4797311037329995D-04  1.6391606583308000D-03  1.8678428454816001D-03  1.8995681828353999D-03  1.3212264788463001D-03  1.0336892968454000D-03
ROW 292  1.0768442577327000D-03  1.8267621210931000D-03  1.9549374622540999D-03  2.2274394155284002D-03  1.3446729561620999D-03  6.1723207391310003D-04  6.5860172204770004D-04  1.6194094677498001D-03  1.8803110842699000D-03  1.8956252382109999D-03  1.3044798510753000D-03  1.0630873343509999D-03
ROW 293  1.0585956408049001D-03  1.7941356187029000D-03  1.9450013987075000D-03  2.2114562468298999D-03  1.3718186905752000D-03  6.2708288578529998D-04  6.7091620604239996D-04  1.6007886818886999D-03  1.8935231170954000D-03  1.8906769778428000D-03  1.2860256937102001D-03  1.0930375615647000D-03
ROW 294  1.0407673936600999D-03  1.7610400634920000D-03  1.9346052651668000D-03  2.1965550967007999D-03  1.3993961360366999D-03  6.3847135798280003D-04  6.8502794883479995D-04  1.5836599733616999D-03  1.9073728731289999D-03  1.8845772443595000D-03  1.2658563491857000D-03  1.1230911946177001D-03
ROW 295  1.0234030070390000D-03  1.7275742659259999D-03  1.9237414871641999D-03  2.1827861769273000D-03  1.4277408582845999D-03  6.5150900643419995D-04  7.0103104179480001D-04  1.5683770763439001D-03  1.9217459824195000D-03  1.8772345365255000D-03  1.2441774503711999D-03  1.1527680227584999D-03
ROW 296  1.0065617698149000D-03  1.6938702614123001D-03  1.9124065489997000D-03  2.1701933243409000D-03  1.4571616631723001D-03  6.6631982699280005D-04  7.1899996550510003D-04  1.5552794243697001D-03  1.9365209049441001D-03  1.8686312623510000D-03  1.2211833199674000D-03  1.1815343766405999D-03
ROW 297  9.9034999934449991D-04  1.6600509146482000D-03  1.9006007803897000D-03  2.1588139646592001D-03  1.4879755315931999D-03  6.8303935978109996D-04  7.3920427121879995D-04  1.5446860443605001D-03  1.9515702055485000D-03  1.8587101529947000D-03  1.1970222965023999D-03  1.2087084520508000D-03
ROW 298  9.7487140042190005D-04  1.6262252769106999D-03  1.8883281209213999D-03  2.1486791631810998D-03  1.5205397298373999D-03  7.0181320995569999D-04  7.6147029975010005D-04  1.5368898442890001D-03  1.9667619612044000D-03  1.8474278483905000D-03  1.1718492611892000D-03  1.2339226516088000D-03
ROW 299  9.6016846495890001D-04  1.5924984537421000D-03  1.8755958768059001D-03  2.1398137554393998D-03  1.5552100401923000D-03  7.2279503713979995D-04  7.8579986486600000D-04  1.5322408824406000D-03  1.9819612842116000D-03  1.8347566667478001D-03  1.1458235882278000D-03  1.2567414892290000D-03
ROW 300  9.4632148281370001D-04  1.5589700147775000D-03  1.8624144839307999D-03  2.1322365499344001D-03  1.5923224459126000D-03  7.4614405389350003D-04  8.1218467880699995D-04  1.5310850395986000D-03  1.9970319422589001D-03  1.8206862834705001D-03  1.1191077408364001D-03  1.2767815251562000D-03
ROW 301  9.3340251260699998D-04  1.5257324018352000D-03  1.8487859180419000D-03  2.1259605943109998D-03  1.6323171471728001D-03  7.7226259911489996D-04  8.4060268054059997D-04  1.5334211901186000D-03  2.0118380536873000D-03  1.8052251980766999D-03  1.0918416760090999D-03  1.2937234027193001D-03
ROW 302  9.2147037062130001D-04  1.4928693974607000D-03  1.8347312151277000D-03  2.1209934957708999D-03  1.6755364335704001D-03  8.0111267091730000D-04  8.7102142785489998D-04  1.5393828456010999D-03  2.0262458339098000D-03  1.7884018660603001D-03  1.0642296553706001D-03  1.3069910589415001D-03
ROW 303  9.1056596423979999D-04  1.4604547207338000D-03  1.8202773304503001D-03  2.1173377861168998D-03  1.7219242899467000D-03  8.3283561040349997D-04  9.0340163436960000D-04  1.5490582562212999D-03  2.0401253667972001D-03  1.7701715968100999D-03  1.0364603549887000D-03  1.3165900558553001D-03
ROW 304  9.0082918236190001D-04  1.4285572086565001D-03  1.8054456969927000D-03  2.1149913215634001D-03  1.7715396705285001D-03  8.6757818660030002D-04  9.3785288754039998D-04  1.5624893874952000D-03  2.0533523730035998D-03  1.7506896247030999D-03  1.0087033230592999D-03  1.3225922530019001D-03
ROW 305  8.9212753581669997D-04  1.3972667294668000D-03  1.7902601799426000D-03  2.1140094741635999D-03  1.8243463165569999D-03  9.0547524773629999D-04  9.7422394042899995D-04  1.5796717771486000D-03  2.0658099457426002D-03  1.7300741713370000D-03  9.8112881546389991D-04  1.3250113604207001D-03
ROW 306  8.8441640292980005D-04  1.3665783952538999D-03  1.7747470907679001D-03  2.1143230047088999D-03  1.8802097634885999D-03  9.4664669488320002D-04  1.0124230467194999D-03  1.6005552479107000D-03  2.0773902235229000D-03  1.7084384460788000D-03  9.5390693312809999D-04  1.3239299514450000D-03
ROW 307  8.7762432658789998D-04  1.3365135632907000D-03  1.7589352506619999D-03  2.1159138912105000D-03  1.9389212937842000D-03  9.9119490571160005D-04  1.0524151364250001D-03  1.6250454326395001D-03  2.0879881509954000D-03  1.6859121292051001D-03  9.2720628428249996D-04  1.3194002298518000D-03
ROW 308  8.7165135982409997D-04  1.3070807420004001D-03  1.7428560973621000D-03  2.1187652970207000D-03  2.0003673476615001D-03  1.0392027310201001D-03  1.0941706635841000D-03  1.6530060513678000D-03  2.0974772984730999D-03  1.6626386487608000D-03  9.0124708116459998D-04  1.3113989302419001D-03
ROW 309  8.6637085158430003D-04  1.2782762522371999D-03  1.7265438262912000D-03  2.1228579478361998D-03  2.0638231134739002D-03  1.0908681168098999D-03  1.1376658173495001D-03  1.6843837351705000D-03  2.1058296161299999D-03  1.6387718989891999D-03  8.7619688544799995D-04  1.3005034002975999D-03
ROW 310  8.6165553111690004D-04  1.2500852784012001D-03  1.7100355541837000D-03  2.1281705213224999D-03  2.1288180073201000D-03  1.1463000012749999D-03  1.1828820828993000D-03  1.7189558688992001D-03  2.1129899139545002D-03  1.6144725134047001D-03  8.5217096627190003D-04  1.2869549783684001D-03
ROW 311  8.5730279627689999D-04  1.2224832733820001D-03  1.6933714909586001D-03  2.1346799993208002D-03  2.1948483106316000D-03  1.2053123462334001D-03  1.2299024062631999D-03  1.7563279180643999D-03  2.1189185164982001D-03  1.5899028112571999D-03  8.2930455378609999D-04  1.2709967233832001D-03
ROW 312  8.5309785180930000D-04  1.1954376617620999D-03  1.6765951037176000D-03  2.1423619733160000D-03  2.2614005521270002D-03  1.2678992105664001D-03  1.2787036375370999D-03  1.7962262936431000D-03  2.1235918842199999D-03  1.5652326831209001D-03  8.0771696171319995D-04  1.2528631788612000D-03
ROW 313  8.4884885269170005D-04  1.1689097685470000D-03  1.6597532554668999D-03  2.1511908943213998D-03  2.3279758768118002D-03  1.3340361306557001D-03  1.3291886633637999D-03  1.8383566181089999D-03  2.1270029798301998D-03  1.5406364737451000D-03  7.8750854887369999D-04  1.2326043504606999D-03
ROW 314  8.4436524891630003D-04  1.1428807921615000D-03  1.6428963005721000D-03  2.1611402590114999D-03  2.3940374559828000D-03  1.4036821741882000D-03  1.3813468027698999D-03  1.8824087497835999D-03  2.1291613666720999D-03  1.5162578798059000D-03  7.6875807910569999D-04  1.2105577950095000D-03
ROW 315  8.3946485993419996D-04  1.1172898006704000D-03  1.6260781191189001D-03  2.1721827248739000D-03  2.4591778648064000D-03  1.4767822616688999D-03  1.4351651845314001D-03  1.9280619063306000D-03  2.1300930317114000D-03  1.4922267291078001D-03  7.5161156502320000D-04  1.1869668740883000D-03
ROW 316  8.3397324403710000D-04  1.0920779930382000D-03  1.6093560732860000D-03  2.1842901483859999D-03  2.5231204068723000D-03  1.5532695615978001D-03  1.4906276572852000D-03  1.9749898066098999D-03  2.1298399317668999D-03  1.4686562670715999D-03  7.3608883551210002D-04  1.1619868941001000D-03
ROW 317  8.2765936461539995D-04  1.0672038068385999D-03  1.5927908705498000D-03  2.1974335417997001D-03  2.5856727415419999D-03  1.6330677545057001D-03  1.5477141348677001D-03  2.0228657567013001D-03  2.1284592680651999D-03  1.4456411810334000D-03  7.2210985615560005D-04  1.1357632767085000D-03
ROW 318  8.2048132518900004D-04  1.0426297539474999D-03  1.5764463209927001D-03  2.2115829460542000D-03  2.6467495251432998D-03  1.7163494952408000D-03  1.6064528513096000D-03  2.0713676124182998D-03  2.1260225008422999D-03  1.4232564529854000D-03  7.0964929041309995D-04  1.1084111312030999D-03
ROW 319  8.1236398496169996D-04  1.0183236516848001D-03  1.5603889791191000D-03  2.2267072196322998D-03  2.7063744796094998D-03  1.8027938201413999D-03  1.6668774948570000D-03  2.1201828373192001D-03  2.1226141223580001D-03  1.4015570922648001D-03  6.9866013258870004D-04  1.0800389570506000D-03
ROW 320  8.0326845740750000D-04  9.9425947123250001D-04  1.5446876643002000D-03  2.2427737458157000D-03  2.7646203357558998D-03  1.8922619211479000D-03  1.7288372586352001D-03  2.1689769982616998D-03  2.1183302130929000D-03  1.3806079908035001D-03  6.8907682342680000D-04  1.0509318685895999D-03
ROW 321  7.9319341603369998D-04  9.7041777878959998D-04  1.5294267544161001D-03  2.2597480637160001D-03  2.8217414523188000D-03  1.9846513624781998D-03  1.7923004280130000D-03  2.2174649829076001D-03  2.1132768118491000D-03  1.3604378186250999D-03  6.8081916766229999D-04  1.0212915562843000D-03
ROW 322  7.8217481640610001D-04  9.4678576969440002D-04  1.5146775990444001D-03  2.2776055757135001D-03  2.8781507058265000D-03  2.0798528250478001D-03  1.8572365903684999D-03  2.2653935736424999D-03  2.1075681357330001D-03  1.3410064918398001D-03  6.7385722632230002D-04  9.9135063412100007D-04
ROW 323  7.7022630954850005D-04  9.2335956273629995D-04  1.5005040295252999D-03  2.2963220459593001D-03  2.9342266362924001D-03  2.1777481148540999D-03  1.9236189411663000D-03  2.3125358621405999D-03  2.1013246903459999D-03  1.3223014088198999D-03  6.6808592222669997D-04  9.6137384566599997D-04
ROW 324  7.5749915190179997D-04  9.0015092048549995D-04  1.4869764839577000D-03  2.3158226607307999D-03  2.9903790520596999D-03  2.2782074504108002D-03  1.9914267738764002D-03  2.3586941530523999D-03  2.0946713137613001D-03  1.3043018698008001D-03  6.6334044805149998D-04  9.3171362390909998D-04
ROW 325  7.4416742403279998D-04  8.7714944145160002D-04  1.4741633723547999D-03  2.3360601149603000D-03  3.0470246986792002D-03  2.3810861852665999D-03  2.0606613755820001D-03  2.4037023627441999D-03  2.0877344751724001D-03  1.2869829517960999D-03  6.5953177121860003D-04  9.0271903733199997D-04
ROW 326  7.3038762699519999D-04  8.5436289276169996D-04  1.4621299855829000D-03  2.3569825859457000D-03  3.1045799452241998D-03  2.4862841736721002D-03  2.1314498004983999D-03  2.4474278681502000D-03  2.0806423276019999D-03  1.2703194855188001D-03  6.5658060317910002D-04  8.7471317680279999D-04
ROW 327  7.1632877603840001D-04  8.3180103341569996D-04  1.4509373711998001D-03  2.3785332046137998D-03  3.1635588595432000D-03  2.5936611347159998D-03  2.2036688561103998D-03  2.4897727636022000D-03  2.0735328255872001D-03  1.2542899436729000D-03  6.5442048243530000D-04  8.4802647005530001D-04
ROW 328  7.0216526912550003D-04  8.0947446016349999D-04  1.4406412038570999D-03  2.4006495777726001D-03  3.2241335200367000D-03  2.7028556660996998D-03  2.2773511263716002D-03  2.5306744881370001D-03  2.0665281829734001D-03  1.2388800559527001D-03  6.5299981986740002D-04  8.2297131748689998D-04
ROW 329  6.8807530379230003D-04  7.8739360153410004D-04  1.4312906797863999D-03  2.4232633863080001D-03  3.2864969190000998D-03  2.8136203736685000D-03  2.3525466369735001D-03  2.5700104185578999D-03  2.0597455107584000D-03  1.2241286839300000D-03  6.5231523603189996D-04  7.9989833837019997D-04
ROW 330  6.7425987899099996D-04  7.6556794475899997D-04  1.4229274658181001D-03  2.4463000837079999D-03  3.3507478951192000D-03  2.9256764793844999D-03  2.4293237394565001D-03  2.6078608541462000D-03  2.0532954354604998D-03  1.2100216694941001D-03  6.5235593337780004D-04  7.7920732185329995D-04
ROW 331  6.6085364927210004D-04  7.4400556413369999D-04  1.4155847333364999D-03  2.4696787176731998D-03  3.4168847555948001D-03  3.0387130887803999D-03  2.5077693652049999D-03  2.6443013786008000D-03  2.0472809374901999D-03  1.1965712907831001D-03  6.5307455054869996D-04  7.6084734102540002D-04
ROW 332  6.4797995729030001D-04  7.2271299869380000D-04  1.4092863065370000D-03  2.4933118948876000D-03  3.4848037132151001D-03  3.1523878253127999D-03  2.5879885681385001D-03  2.6794096732353999D-03  2.0417964281065999D-03  1.1838213943990001D-03  6.5447771039979996D-04  7.4488886253840005D-04
ROW 333  6.3573779958050005D-04  7.0171157768470003D-04  1.4040459523246001D-03  2.5171059052932002D-03  3.5544230859877999D-03  3.2663289747096999D-03  2.6702944177353001D-03  2.7132908502273999D-03  2.0369270755109998D-03  1.1718318166792001D-03  6.5657816429719998D-04  7.3132044863770005D-04
ROW 334  6.2419984070499995D-04  6.8099874897650000D-04  1.3998668362424000D-03  2.5409610175361002D-03  3.6252871140349001D-03  3.3801392046655999D-03  2.7546891049929001D-03  2.7460739141402001D-03  2.0327483822831002D-03  1.1606774969450001D-03  6.5939025025489996D-04  7.2004666669460004D-04
ROW 335  6.1341183147580001D-04  6.6057158534350000D-04  1.3967411650154999D-03  2.5647719517522000D-03  3.6969611171101999D-03  3.4933274866965000D-03  2.8412956137814000D-03  2.7779076979588002D-03  2.0293260080132998D-03  1.1504468008029000D-03  6.6292499134640000D-04  7.1107796122780000D-04
ROW 336  6.0346050480949997D-04  6.4043728593090004D-04  1.3946500317620000D-03  2.5884285297453000D-03  3.7689878573269999D-03  3.6054479784430001D-03  2.9302708271827000D-03  2.8089563632691002D-03  2.0267158229438000D-03  1.1412391347861001D-03  6.6721509943910005D-04  7.0396723823469998D-04
ROW 337  5.9429288124340004D-04  6.2060655006360003D-04  1.3935634748008000D-03  2.6118164961042001D-03  3.8408642444739999D-03  3.7160766460989998D-03  3.0217726002317001D-03  2.8393945720365998D-03  2.0249641710092000D-03  1.1331664081455999D-03  6.7226538823609997D-04  6.9831141907549996D-04
ROW 338  5.8585488031469995D-04  6.0109519860710001D-04  1.3934407554292000D-03  2.6348184971798001D-03  3.9120580268359002D-03  3.8247833370337000D-03  3.1159535451863000D-03  2.8694024525180999D-03  2.0241083141561999D-03  1.1264589208626000D-03  6.7799318208750002D-04  6.9372876338760000D-04
ROW 339  5.7810056307210003D-04  5.8192578654289999D-04  1.3942308542381999D-03  2.6573151983989001D-03  3.9819231117417002D-03  3.9311536888166996D-03  3.2129539331148000D-03  2.8991548010819002D-03  2.0241770244644000D-03  1.1211257499386001D-03  6.8434405840519998D-04  6.8980815886670005D-04
ROW 340  5.7097318065510005D-04  5.6312909965759998D-04  1.3958731796596001D-03  2.6791623415973000D-03  4.0498209382021999D-03  4.0347988842033000D-03  3.3131063031715999D-03  2.9288575468586001D-03  2.0251912866052000D-03  1.1172751784427001D-03  6.9124015666430000D-04  6.8611997711599999D-04
ROW 341  5.6441003466639996D-04  5.4474543103920001D-04  1.3983186146451000D-03  2.7002414223734998D-03  4.1153184630377000D-03  4.1353650691658998D-03  3.4164144766538002D-03  2.9586754883966001D-03  2.0271650707057000D-03  1.1150075217452001D-03  6.9857942038020000D-04  6.8217933441880004D-04
ROW 342  5.5836235400709997D-04  5.2683338630020004D-04  1.4014762236007000D-03  2.7204470086987001D-03  4.1779302002396997D-03  4.2325420170099999D-03  3.5228063153563000D-03  2.9887568482139001D-03  2.0301061348263001D-03  1.1144115622302999D-03  7.0623612533060002D-04  6.7759635236519999D-04
ROW 343  5.5278362303289995D-04  5.0949207279980000D-04  1.4052490471960001D-03  2.7396654619464998D-03  4.2372105473953998D-03  4.3259817272262996D-03  3.6322735108212001D-03  3.0192309522688999D-03  2.0340190705544999D-03  1.1155613706430000D-03  7.1406241645109996D-04  6.7204578711049995D-04
ROW 344  5.4758230596870005D-04  4.9276276724879997D-04  1.4095486035441999D-03  2.7577879960177000D-03  4.2927590317820997D-03  4.4152789254991998D-03  3.7447493296662001D-03  3.0502050158989998D-03  2.0389449449817998D-03  1.1185136348074000D-03  7.2186758763499996D-04  6.6526599836700003D-04
ROW 345  5.4271887354739997D-04  4.7673130515559999D-04  1.4142832134067999D-03  2.7747119248556999D-03  4.3441450885916997D-03  4.5005732287574998D-03  3.8601005307607001D-03  3.0817616199819999D-03  2.0448308090889999D-03  1.1233055903205000D-03  7.2945711539030005D-04  6.5706977466009999D-04
ROW 346  5.3816674453689998D-04  4.6149293944209999D-04  1.4193595634306999D-03  2.7903417956335001D-03  4.3906563799489999D-03  4.5818033478186998D-03  3.9781203474131997D-03  3.1139569277696000D-03  2.0516664362153999D-03  1.1300134327652000D-03  7.3663954661340003D-04  6.4719152761390003D-04
ROW 347  5.3391312754310001D-04  4.4715075524249999D-04  1.4246842959451001D-03  2.8045903748681999D-03  4.4324708749608997D-03  4.6589715503881999D-03  4.0986148235072004D-03  3.1468196634846001D-03  2.0594386038817001D-03  1.1386822161816000D-03  7.4322176608299995D-04  6.3573723404929995D-04
ROW 348  5.2995883487690001D-04  4.3381362417450002D-04  1.4301655894751999D-03  2.8173794598550001D-03  4.4693798905667001D-03  4.7321412494289996D-03  4.2211839496729001D-03  3.1803549204438000D-03  2.0681313328469999D-03  1.1491665479086001D-03  7.4901531685350005D-04  6.2283942563060002D-04
ROW 349  5.2635074224590002D-04  4.2159376000500001D-04  1.4357146945276999D-03  2.8286404941342000D-03  4.5012085368519002D-03  4.8014327228537001D-03  4.3452069474135000D-03  3.2145777861472000D-03  2.0777259709667002D-03  1.1614142022901999D-03  7.5384278137979996D-04  6.0865871177080005D-04
ROW 350  5.2309097543789998D-04  4.1060395568730002D-04  1.4412473905590000D-03  2.8383149729626000D-03  4.5278099497752999D-03  4.8670171839998002D-03  4.4701265889850999D-03  3.2493783542076001D-03  2.0882011243527998D-03  1.1753538926300999D-03  7.5750485985410002D-04  5.9341846110900001D-04
ROW 351  5.2020579887390001D-04  4.0095459578379998D-04  1.4466853322719999D-03  2.8463546326218999D-03  4.5490599065497999D-03  4.9291094914744003D-03  4.5953083892868000D-03  3.2846748624078999D-03  2.0995324459888000D-03  1.1908972312479999D-03  7.5978805463429997D-04  5.7737290059379999D-04
ROW 352  5.1772966100220000D-04  3.9284194285120000D-04  1.4519572564401001D-03  2.8527214255313999D-03  4.5643021351646001D-03  4.9877625954462997D-03  4.7200482588236996D-03  3.3203638180616000D-03  2.1116922990789999D-03  1.2079410723419999D-03  7.6068339473100001D-04  5.6084685331390005D-04
ROW 353  5.1569529487959995D-04  3.8632514939460002D-04  1.4570000242011001D-03  2.8573872911584999D-03  4.5738646009975004D-03  5.0434102667104999D-03  4.8435829320081997D-03  3.3563225236071998D-03  2.1246493187115001D-03  1.2263701168916999D-03  7.6012287680929998D-04  5.4422533946809997D-04
ROW 354  5.1412947980280003D-04  3.8144506505019999D-04  1.4617594780909999D-03  2.8603337403031999D-03  4.5777901134090998D-03  5.0964388755920000D-03  4.9650382017675000D-03  3.3924117811898998D-03  2.1383679006419000D-03  1.2460596532491001D-03  7.5807399756999997D-04  5.2781105206389995D-04
ROW 355  5.1307186056129999D-04  3.7826788284090000D-04  1.4661910978476999D-03  2.8615512771027001D-03  4.5760225360603002D-03  5.1471495650800003D-03  5.0832858306600996D-03  3.4284786621403998D-03  2.1528076499355000D-03  1.2669387766630000D-03  7.5454109792250004D-04  5.1187671190449995D-04
ROW 356  5.1253521039059996D-04  3.7684218541039999D-04  1.4702604440733000D-03  2.8610386887917001D-03  4.5685253926689004D-03  5.1958403604270001D-03  5.1976583554569000D-03  3.4643592389192002D-03  2.1679228247033001D-03  1.2888243386812001D-03  7.4956548003390000D-04  4.9664998135060001D-04
ROW 357  5.1246559259929996D-04  3.7719693121470002D-04  1.4739433840459000D-03  2.8588022375858001D-03  4.5552870921400004D-03  5.2427984325054003D-03  5.3073129645922002D-03  3.4998811940239001D-03  2.1836618111114002D-03  1.3115433080486999D-03  7.4319308445069997D-04  4.8240614876790002D-04
ROW 358  5.1282470032739996D-04  3.7933990106619997D-04  1.4772260991683999D-03  2.8547700200280001D-03  4.5359846039188002D-03  5.2882933095492000D-03  5.4114368293950001D-03  3.5348522583919999D-03  2.1999666652319002D-03  1.3349597975768001D-03  7.3547706785960000D-04  4.6918082556740001D-04
ROW 359  5.1355460537669999D-04  3.8325664747159999D-04  1.4801048786005999D-03  2.8490462939182999D-03  4.5106977556620001D-03  5.3325711404299996D-03  5.5092658884179002D-03  3.5690391580740000D-03  2.2167727551463999D-03  1.3589405283683000D-03  7.2668134321859999D-04  4.5696468280750002D-04
ROW 360  5.1457870928290001D-04  3.8890997067239999D-04  1.4825857083975999D-03  2.8416564013951000D-03  4.4798845726966999D-03  5.3758376835637998D-03  5.6001026058368998D-03  3.6022945464123002D-03  2.2340085331230999D-03  1.3833559667492999D-03  7.1697920174890000D-04  4.4570695613830002D-04
END_IBP_EMP_ASCII
